entry_date,code,name,money_t,money_t_yi,sum_1d,sum_1d_yi,sum_3d,sum_3d_yi,sum_5d,sum_5d_yi,sum_10d,sum_10d_yi,sum_20d,sum_20d_yi,track_days
2026-03-24,603259.XSHG,药明康德,6993974838.87,69.94,6993974838.87,69.94,14016839202.96,140.17,21882298743.04,218.82,48020868792.49,480.21,89318554229.58,893.19,20
2026-03-24,600703.XSHG,三安光电,6399825742.15,64.0,6399825742.15,64.0,15163517193.17,151.64,21508197732.15,215.08,32454429939.8,324.54,68690930891.58,686.91,20
2026-03-24,000547.XSHE,航天发展,5926499489.03,59.26,5926499489.03,59.26,17975491983.44,179.75,29561821699.0,295.62,52002641744.26,520.03,104121706210.52,1041.22,20
2026-03-24,601016.XSHG,节能风电,5477009073.31,54.77,5477009073.31,54.77,17216151642.41,172.16,24982948904.11,249.83,36420583556.27,364.21,49034539606.87,490.35,20
2026-03-24,600988.XSHG,赤峰黄金,5093495418.76,50.93,5093495418.76,50.93,11901817508.58,119.02,18145145284.99,181.45,33549070474.86,335.49,52477942332.18,524.78,20
2026-03-24,688521.XSHG,芯原股份,5050632831.4,50.51,5050632831.4,50.51,13229791871.02,132.3,19195601762.88,191.96,41026166097.3,410.26,106053329773.43,1060.53,20
2026-03-24,000815.XSHE,美利云,4767175191.98,47.67,4767175191.98,47.67,13252339386.39,132.52,18238807776.69,182.39,29423342742.96,294.23,57843369960.25,578.43,20
2026-03-24,600930.XSHG,华电新能,4703049912.26,47.03,4703049912.26,47.03,16706008341.12,167.06,23411529163.48,234.12,29775014125.18,297.75,37791327375.51,377.91,20
2026-03-24,688041.XSHG,海光信息,4620494441.09,46.2,4620494441.09,46.2,14260342233.57,142.6,21424069692.22,214.24,38483013979.61,384.83,110878225717.32,1108.78,20
2026-03-24,601872.XSHG,招商轮船,4378938989.86,43.79,4378938989.86,43.79,11007774399.08,110.08,15709330376.9,157.09,35984112833.73,359.84,69949888470.32,699.5,20
2026-03-24,601869.XSHG,长飞光纤,4320966944.0,43.21,4320966944.0,43.21,15526994796.63,155.27,25334931544.13,253.35,56354733684.56,563.55,128763797381.8,1287.64,20
2026-03-24,002714.XSHE,牧原股份,4293925172.71,42.94,4293925172.71,42.94,7706047325.13,77.06,11631532068.4,116.32,21720280437.03,217.2,40512981792.33,405.13,20
2026-03-24,000792.XSHE,盐湖股份,4286432232.04,42.86,4286432232.04,42.86,12069513849.54,120.7,22497040355.62,224.97,38693493672.78,386.93,74373889866.24,743.74,20
2026-03-24,600096.XSHG,云天化,4057741717.08,40.58,4057741717.08,40.58,8264544331.69,82.65,12506334976.6,125.06,20768685399.64,207.69,36482973326.54,364.83,20
2026-03-25,300383.XSHE,光环新网,7876999866.91,78.77,7876999866.91,78.77,17225429246.5,172.25,24543112586.8,245.43,41560607470.75,415.61,71768943690.33,717.69,20
2026-03-25,600549.XSHG,厦门钨业,6728832407.65,67.29,6728832407.65,67.29,18394223493.96,183.94,24471273451.22,244.71,36749301729.73,367.49,77897226304.19,778.97,20
2026-03-25,002281.XSHE,光迅科技,6384928538.69,63.85,6384928538.69,63.85,14721140614.09,147.21,23741058860.33,237.41,51532844504.62,515.33,131670896870.41,1316.71,20
2026-03-25,002428.XSHE,云南锗业,6171335250.51,61.71,6171335250.51,61.71,13638159896.99,136.38,23903154159.57,239.03,46890888674.01,468.91,105541244592.29,1055.41,20
2026-03-25,600498.XSHG,烽火通信,5502134426.67,55.02,5502134426.67,55.02,12869019087.63,128.69,25443229876.55,254.43,51898480157.7,518.98,106149939431.51,1061.5,20
2026-03-25,600111.XSHG,北方稀土,5436562647.47,54.37,5436562647.47,54.37,12329555217.81,123.3,18281661853.93,182.82,35626087460.46,356.26,89276224358.17,892.76,20
2026-03-25,002309.XSHE,中利集团,5368929440.98,53.69,5368929440.98,53.69,13549791357.44,135.5,22391482790.39,223.91,42536317954.79,425.36,62991943299.17,629.92,20
2026-03-25,300017.XSHE,网宿科技,5215587811.44,52.16,5215587811.44,52.16,11234686027.35,112.35,16340417852.68,163.4,35582676926.9,355.83,81868261835.89,818.68,20
2026-03-25,600989.XSHG,宝丰能源,5162770817.24,51.63,5162770817.24,51.63,12454009209.47,124.54,19678006943.16,196.78,36812608376.53,368.13,65191156175.67,651.91,20
2026-03-25,600522.XSHG,中天科技,4840405061.14,48.4,4840405061.14,48.4,11044569109.67,110.45,22630221430.54,226.3,47923499964.45,479.23,115844831579.53,1158.45,20
2026-03-25,300442.XSHE,润泽科技,4674347633.79,46.74,4674347633.79,46.74,10066607440.91,100.67,14657606677.94,146.58,31014429694.78,310.14,84013270739.87,840.13,20
2026-03-25,600157.XSHG,永泰能源,4673993273.97,46.74,4673993273.97,46.74,9714432349.52,97.14,14635123632.59,146.35,20877662070.16,208.78,30454472027.97,304.54,20
2026-03-26,601016.XSHG,节能风电,7924335717.33,79.24,7924335717.33,79.24,15691132979.03,156.91,20898712075.54,208.99,30166565110.49,301.67,44882035742.95,448.82,20
2026-03-26,300136.XSHE,信维通信,6896058594.42,68.96,6896058594.42,68.96,17075956440.99,170.76,29956460230.81,299.56,50400603227.61,504.01,126069866357.64,1260.7,20
2026-03-26,600666.XSHG,奥瑞德,5892852704.4,58.93,5892852704.4,58.93,17469315375.59,174.69,22825654665.05,228.26,40544100778.78,405.44,78701914163.06,787.02,20
2026-03-26,601318.XSHG,中国平安,5801815138.04,58.02,5801815138.04,58.02,14694344006.42,146.94,23023111457.95,230.23,40461335709.07,404.61,76001875420.65,760.02,20
2026-03-26,603601.XSHG,再升科技,5615861364.26,56.16,5615861364.26,56.16,14990179885.69,149.9,26818010708.02,268.18,45684576683.07,456.85,80333034844.16,803.33,20
2026-03-26,002460.XSHE,赣锋锂业,5548375746.28,55.48,5548375746.28,55.48,25012148216.63,250.12,36754473020.42,367.54,64664769149.92,646.65,136733677866.11,1367.34,20
2026-03-26,002709.XSHE,天赐材料,5469278450.17,54.69,5469278450.17,54.69,19184482771.88,191.84,27998288424.92,279.98,44003687980.58,440.04,105038565314.18,1050.39,20
2026-03-26,300059.XSHE,东方财富,5416802117.17,54.17,5416802117.17,54.17,11911633964.02,119.12,18466352369.75,184.66,38241486480.77,382.41,94031658595.16,940.32,20
2026-03-26,002050.XSHE,三花智控,4717158433.53,47.17,4717158433.53,47.17,9939611932.87,99.4,15852441323.07,158.52,29225058310.9,292.25,69144528832.66,691.45,20
2026-03-26,300757.XSHE,罗博特科,4656965276.26,46.57,4656965276.26,46.57,11953872273.21,119.54,17632000833.16,176.32,37638877238.31,376.39,74602401834.79,746.02,20
2026-03-26,603659.XSHG,璞泰来,4492123968.0,44.92,4492123968.0,44.92,11308375855.2,113.08,15755804751.31,157.56,24535701562.44,245.36,48461894751.16,484.62,20
2026-03-26,300475.XSHE,香农芯创,4364618081.94,43.65,4364618081.94,43.65,10797665269.68,107.98,18737973682.69,187.38,41815284544.68,418.15,100252071664.21,1002.52,20
2026-03-26,300827.XSHE,上能电气,4313087141.57,43.13,4313087141.57,43.13,9338976457.36,93.39,13337012244.65,133.37,20157178425.19,201.57,31692891347.26,316.93,20
2026-03-26,002149.XSHE,西部材料,4253374469.45,42.53,4253374469.45,42.53,15691304327.95,156.91,25799882121.73,258.0,38100529053.35,381.01,85455679871.36,854.56,20
2026-03-26,600703.XSHG,三安光电,4233008831.28,42.33,4233008831.28,42.33,10577689370.26,105.78,14664700023.89,146.65,28063690050.68,280.64,69357155465.96,693.57,20
2026-03-26,688498.XSHG,源杰科技,4059670667.2,40.6,4059670667.2,40.6,12060831900.93,120.61,18931114138.31,189.31,34336819948.0,343.37,78927538521.29,789.28,20
2026-03-27,000338.XSHE,潍柴动力,6748424176.3,67.48,6748424176.3,67.48,13425216965.06,134.25,18565883444.92,185.66,33366158429.57,333.66,66846141075.76,668.46,20
2026-03-27,000792.XSHE,盐湖股份,6202363294.44,62.02,6202363294.44,62.02,15925544955.9,159.26,22461911287.14,224.62,36207811684.38,362.08,72964824198.65,729.65,20
2026-03-27,300054.XSHE,鼎龙股份,6073085441.2,60.73,6073085441.2,60.73,12168821233.62,121.69,16636429342.6,166.36,27804600329.38,278.05,45589798638.87,455.9,20
2026-03-27,002466.XSHE,天齐锂业,5776794787.27,57.77,5776794787.27,57.77,12789410014.88,127.89,17941214854.19,179.41,32715021150.24,327.15,93506324168.81,935.06,20
2026-03-27,600276.XSHG,恒瑞医药,5393542863.32,53.94,5393542863.32,53.94,13145292008.26,131.45,23311711755.1,233.12,38436156706.25,384.36,75228933134.77,752.29,20
2026-03-27,300620.XSHE,光库科技,5254772523.12,52.55,5254772523.12,52.55,11467578029.21,114.68,19688828454.1,196.89,45517348693.92,455.17,98816904073.08,988.17,20
2026-03-27,603799.XSHG,华友钴业,4680134386.85,46.8,4680134386.85,46.8,10832632336.67,108.33,17059366778.42,170.59,33265174354.2,332.65,91010937412.6,910.11,20
2026-03-27,002131.XSHE,利欧股份,4484596784.36,44.85,4484596784.36,44.85,12444979204.24,124.45,18376387297.39,183.76,36743488862.2,367.43,78847813623.62,788.48,20
2026-03-27,603259.XSHG,药明康德,4320570173.65,43.21,4320570173.65,43.21,13080781476.64,130.81,26012737037.78,260.13,47280719915.34,472.81,84726864206.04,847.27,20
2026-03-27,300390.XSHE,天华新能,4292421746.51,42.92,4292421746.51,42.92,10252605901.79,102.53,14440624965.29,144.41,33783246009.67,337.83,99518571192.1,995.19,20
2026-03-27,600519.XSHG,贵州茅台,4257499781.14,42.57,4257499781.14,42.57,17333671512.29,173.34,24661666829.51,246.62,43270528678.27,432.71,98003100786.54,980.03,20
2026-03-27,000617.XSHE,中油资本,4003608529.35,40.04,4003608529.35,40.04,11444791100.7,114.45,16425424428.92,164.25,50882046234.5,508.82,69213521352.52,692.14,20
2026-03-27,002428.XSHE,云南锗业,3869850296.3,38.7,3869850296.3,38.7,14134844558.88,141.35,21197210664.03,211.97,48977020468.72,489.77,119420871281.63,1194.21,20
2026-03-27,603993.XSHG,洛阳钼业,3866586383.59,38.67,3866586383.59,38.67,11311630044.55,113.12,22891359517.46,228.91,45294284501.42,452.94,88856703951.44,888.57,20
2026-03-30,601600.XSHG,中国铝业,7657725428.65,76.58,7657725428.65,76.58,15866838500.56,158.67,22508584030.96,225.09,43093228570.71,430.93,71161973126.83,711.62,20
2026-03-30,002281.XSHE,光迅科技,5278958495.68,52.79,5278958495.68,52.79,12957687536.62,129.58,24189767874.16,241.9,65087355856.84,650.87,152793188537.86,1527.93,20
2026-03-30,002192.XSHE,融捷股份,5178647978.19,51.79,5178647978.19,51.79,12476198162.47,124.76,18051211934.31,180.51,31531691022.54,315.32,58576240108.99,585.76,20
2026-03-30,600498.XSHG,烽火通信,5142880685.42,51.43,5142880685.42,51.43,18165278108.49,181.65,28677996022.17,286.78,58455200083.13,584.55,112008583556.57,1120.09,20
2026-03-30,000592.XSHE,平潭发展,4900184152.63,49.0,4900184152.63,49.0,16478291178.67,164.78,26994795097.37,269.95,46987868244.79,469.88,67647266119.9,676.47,20
2026-03-30,600522.XSHG,中天科技,4658130813.86,46.58,4658130813.86,46.58,16213779595.62,162.14,26479211061.63,264.79,57774183752.5,577.74,133751893081.62,1337.52,20
2026-03-30,600105.XSHG,永鼎股份,4543568518.16,45.44,4543568518.16,45.44,15224560038.52,152.25,27277044531.08,272.77,59145816264.58,591.46,134928087509.89,1349.28,20
2026-03-30,300751.XSHE,迈为股份,4466272101.93,44.66,4466272101.93,44.66,10366984488.78,103.67,13827413756.78,138.27,27289626091.57,272.9,48741427140.12,487.41,20
2026-03-30,688498.XSHG,源杰科技,4141415350.85,41.41,4141415350.85,41.41,11011697588.23,110.12,16663580138.12,166.64,35154764041.5,351.55,81056984762.17,810.57,20
2026-03-30,300548.XSHE,长芯博创,4136001521.7,41.36,4136001521.7,41.36,11418605156.4,114.19,19247190579.84,192.47,52067938926.54,520.68,104131931786.34,1041.32,20
2026-03-30,002432.XSHE,九安医疗,4105724152.54,41.06,4105724152.54,41.06,9901723141.36,99.02,16919664193.64,169.2,31122325502.99,311.22,60174102673.92,601.74,20
2026-03-30,301308.XSHE,江波龙,4012786780.12,40.13,4012786780.12,40.13,14445479478.94,144.45,20330722499.9,203.31,46645108503.53,466.45,107975525046.16,1079.76,20
2026-03-30,002309.XSHE,中利集团,3939074631.1,39.39,3939074631.1,39.39,12270260256.32,122.7,20874054359.05,208.74,36644069339.4,366.44,52996314691.2,529.96,20
2026-03-30,601012.XSHG,隆基绿能,3916247299.43,39.16,3916247299.43,39.16,9157009643.45,91.57,14575219705.95,145.75,26980140564.67,269.8,45600716752.48,456.01,20
2026-03-30,002506.XSHE,协鑫集成,3831835296.13,38.32,3831835296.13,38.32,10038401734.65,100.38,15453269481.76,154.53,27283424186.96,272.83,51428080920.9,514.28,20
2026-03-31,601138.XSHG,工业富联,12272913185.39,122.73,12272913185.39,122.73,31903567175.9,319.04,43784410190.17,437.84,99474898093.46,994.75,243069603634.13,2430.7,20
2026-03-31,300058.XSHE,蓝色光标,7224634099.85,72.25,7224634099.85,72.25,17039363644.16,170.39,22339161894.91,223.39,73327470053.48,733.27,180259894570.56,1802.6,20
2026-03-31,000333.XSHE,美的集团,5310077351.85,53.1,5310077351.85,53.1,9934117247.39,99.34,12505692480.74,125.06,21347330005.11,213.47,42196093271.4,421.96,20
2026-03-31,603259.XSHG,药明康德,5215321936.56,52.15,5215321936.56,52.15,18147277497.7,181.47,26138570049.45,261.39,45323802465.98,453.24,86016931187.55,860.17,20
2026-03-31,600879.XSHG,航天电子,5212353429.27,52.12,5212353429.27,52.12,10756027324.79,107.56,14156553658.43,141.57,28201118577.9,282.01,75558863566.31,755.59,20
2026-03-31,600089.XSHG,特变电工,5183859146.84,51.84,5183859146.84,51.84,12470336135.58,124.7,18638209468.7,186.38,38927628279.47,389.28,85247281614.66,852.47,20
2026-03-31,002463.XSHE,沪电股份,4893412577.87,48.93,4893412577.87,48.93,14158022733.3,141.58,21835567558.33,218.36,62135806054.8,621.36,146255687209.27,1462.56,20
2026-03-31,002131.XSHE,利欧股份,4862121010.62,48.62,4862121010.62,48.62,10793529103.77,107.94,14814825337.07,148.15,38478753559.78,384.79,78469086429.08,784.69,20
2026-03-31,600118.XSHG,中国卫星,4763902572.61,47.64,4763902572.61,47.64,9756152039.92,97.56,14014280658.52,140.14,29734132418.53,297.34,101605065182.55,1016.05,20
2026-03-31,688008.XSHG,澜起科技,4627857546.3,46.28,4627857546.3,46.28,13049955306.79,130.5,17986874848.07,179.87,53647709451.99,536.48,144030769100.62,1440.31,20
2026-03-31,300475.XSHE,香农芯创,4501473477.33,45.01,4501473477.33,45.01,10246668298.15,102.47,14565893381.9,145.66,51466691984.98,514.67,118746402894.93,1187.46,20
2026-03-31,002837.XSHE,英维克,4449883619.08,44.5,4449883619.08,44.5,10276868477.3,102.77,14896748196.09,148.97,43659775960.0,436.6,110484619533.79,1104.85,20
2026-03-31,600343.XSHG,航天动力,4435574212.76,44.36,4435574212.76,44.36,8100902559.1,81.01,10378889981.17,103.79,18200627052.65,182.01,38207165030.8,382.07,20
2026-03-31,603618.XSHG,杭电股份,4121055774.07,41.21,4121055774.07,41.21,8944047770.63,89.44,14538455085.21,145.38,26078530175.15,260.79,51205650444.11,512.06,20
2026-04-01,002361.XSHE,神剑股份,7017316760.51,70.17,7017316760.51,70.17,17977710862.9,179.78,24250489497.41,242.5,49104873128.98,491.05,118299687455.11,1183.0,20
2026-04-01,600105.XSHG,永鼎股份,6972947484.06,69.73,6972947484.06,69.73,19025431976.62,190.25,27828272845.34,278.28,66684821306.15,666.85,143097083967.93,1430.97,20
2026-04-01,603993.XSHG,洛阳钼业,6962712335.49,69.63,6962712335.49,69.63,13919950619.95,139.2,24773733755.16,247.74,50195104105.31,501.95,89377351087.51,893.77,20
2026-04-01,688521.XSHG,芯原股份,6026667836.22,60.27,6026667836.22,60.27,13573883216.26,135.74,23673247961.29,236.73,51317623438.88,513.18,118292865104.16,1182.93,20
2026-04-01,600875.XSHG,东方电气,6014067332.53,60.14,6014067332.53,60.14,11033477866.93,110.33,18306736266.37,183.07,37776806817.21,377.77,77207227741.36,772.07,20
2026-04-01,600410.XSHG,华胜天成,5764932302.05,57.65,5764932302.05,57.65,12646492396.78,126.46,22780703109.59,227.81,43314941545.52,433.15,90338962461.74,903.39,20
2026-04-01,600276.XSHG,恒瑞医药,5750559321.95,57.51,5750559321.95,57.51,12735886697.53,127.36,19169317346.25,191.69,38852303374.18,388.52,72895975986.82,728.96,20
2026-04-01,002565.XSHE,顺灏股份,4592200493.18,45.92,4592200493.18,45.92,9774365553.73,97.74,18011494213.34,180.11,36783736159.42,367.84,82526888509.68,825.27,20
2026-04-01,002342.XSHE,巨力索具,4527517486.3,45.28,4527517486.3,45.28,9389184098.5,93.89,12631371857.67,126.31,36818126369.27,368.18,82544184923.06,825.44,20
2026-04-01,002015.XSHE,协鑫能科,4525285325.67,45.25,4525285325.67,45.25,8876621394.51,88.77,17055997884.86,170.56,29306563570.61,293.07,63781207086.05,637.81,20
2026-04-01,300017.XSHE,网宿科技,4449921670.41,44.5,4449921670.41,44.5,10643044583.19,106.43,19242259074.22,192.42,40830225182.18,408.3,86180424201.59,861.8,20
2026-04-01,688041.XSHG,海光信息,4310420749.57,43.1,4310420749.57,43.1,9621259339.47,96.21,20999585940.1,210.0,59080551161.11,590.81,150463357679.57,1504.63,20
2026-04-01,300383.XSHE,光环新网,3946893710.75,39.47,3946893710.75,39.47,10750455925.82,107.5,17017494883.95,170.17,31651169154.35,316.51,59223356396.18,592.23,20
2026-04-01,002281.XSHE,光迅科技,3937769290.38,39.38,3937769290.38,39.38,15169849627.92,151.7,27791785644.29,277.92,70060284781.89,700.6,159997738665.0,1599.98,20
2026-04-02,601872.XSHG,招商轮船,6428486573.06,64.28,6428486573.06,64.28,14251297180.83,142.51,23621180142.94,236.21,39692520765.07,396.93,65269346221.34,652.69,20
2026-04-02,688313.XSHG,仕佳光子,5488166874.9,54.88,5488166874.9,54.88,13869219520.39,138.69,24258402238.39,242.58,51004008431.2,510.04,111610597380.03,1116.11,20
2026-04-02,300620.XSHE,光库科技,5001514487.33,50.02,5001514487.33,50.02,14289481466.21,142.89,25403814827.15,254.04,47148978962.31,471.49,96588010694.76,965.88,20
2026-04-02,600666.XSHG,奥瑞德,4682192702.49,46.82,4682192702.49,46.82,10948697267.15,109.49,17718446113.73,177.18,35190275322.64,351.9,65420783829.6,654.21,20
2026-04-02,603778.XSHG,国晟科技,4374626454.54,43.75,4374626454.54,43.75,11493170926.15,114.93,20740398813.65,207.4,33614309551.11,336.14,56442469681.79,564.42,20
2026-04-02,002471.XSHE,中超控股,4335369325.77,43.35,4335369325.77,43.35,9695905600.02,96.96,14471330006.3,144.71,23694184764.69,236.94,39894993136.93,398.95,20
2026-04-02,002353.XSHE,杰瑞股份,4335236644.08,43.35,4335236644.08,43.35,9329146478.24,93.29,15101013963.51,151.01,27716673645.37,277.17,51534692837.63,515.35,20
2026-04-02,002432.XSHE,九安医疗,4310176185.29,43.1,4310176185.29,43.1,9486854762.78,94.87,15306217216.24,153.06,31191982540.27,311.92,56661530997.28,566.62,20
2026-04-02,601600.XSHG,中国铝业,4047490025.17,40.47,4047490025.17,40.47,9265722644.23,92.66,20168214865.16,201.68,37056065668.79,370.56,62484087775.52,624.84,20
2026-04-02,600988.XSHG,赤峰黄金,3997954281.29,39.98,3997954281.29,39.98,8227952500.93,82.28,14455441674.56,144.55,22814492112.84,228.14,40148174568.17,401.48,20
2026-04-02,603538.XSHG,美诺华,3905407480.57,39.05,3905407480.57,39.05,10352712521.08,103.53,15463840515.48,154.64,33719749220.39,337.2,65940793161.49,659.41,20
2026-04-02,000070.XSHE,特发信息,3875170052.76,38.75,3875170052.76,38.75,8944105845.06,89.44,15204469450.94,152.04,33172548245.26,331.73,55539113419.95,555.39,20
2026-04-02,601288.XSHG,农业银行,3860679040.1,38.61,3860679040.1,38.61,8405151776.39,84.05,12488399465.06,124.88,24999487596.6,249.99,44919869148.74,449.2,20
2026-04-02,002821.XSHE,凯莱英,3840448784.19,38.4,3840448784.19,38.4,8317312366.27,83.17,11842631314.98,118.43,18582693480.44,185.83,28785480426.43,287.85,20
2026-04-02,600089.XSHG,特变电工,3839223106.18,38.39,3839223106.18,38.39,10007096439.3,100.07,18273460831.59,182.73,43685640852.21,436.86,83306352098.65,833.06,20
2026-04-02,600759.XSHG,ST洲际,3729409408.61,37.29,3729409408.61,37.29,8203627678.52,82.04,13992096149.02,139.92,25598270392.74,255.98,36608344003.62,366.08,20
2026-04-03,000617.XSHE,中油资本,8481173343.88,84.81,8481173343.88,84.81,25324339090.44,253.24,34456621805.58,344.57,45785997966.93,457.86,58637763285.7,586.38,20
2026-04-03,002281.XSHE,光迅科技,7537469144.94,75.37,7537469144.94,75.37,20159405161.31,201.59,40410651516.66,404.11,74188402762.81,741.88,174288358097.54,1742.88,20
2026-04-03,002428.XSHE,云南锗业,5568815099.07,55.69,5568815099.07,55.69,15925368409.29,159.25,27779809804.69,277.8,53459939952.31,534.6,134603936011.98,1346.04,20
2026-04-03,300757.XSHE,罗博特科,5259989849.11,52.6,5259989849.11,52.6,13031816920.89,130.32,20949841109.37,209.5,38600220092.67,386.0,75740030560.39,757.4,20
2026-04-03,002309.XSHE,中利集团,5035580369.33,50.36,5035580369.33,50.36,13148052607.63,131.48,18908485617.1,189.08,27129955941.67,271.3,45027504711.71,450.28,20
2026-04-03,300548.XSHE,长芯博创,4763241880.52,47.63,4763241880.52,47.63,17283843997.77,172.84,31592989162.71,315.93,58762048876.13,587.62,108243958235.31,1082.44,20
2026-04-03,300136.XSHE,信维通信,4275746058.91,42.76,4275746058.91,42.76,12968328318.31,129.68,20625114919.36,206.25,53043108806.3,530.43,156345231993.73,1563.45,20
2026-04-03,688521.XSHG,芯原股份,4036027161.62,40.36,4036027161.62,40.36,14135391906.65,141.35,23475447542.28,234.75,59815123013.43,598.15,133575463432.23,1335.75,20
2026-04-03,688205.XSHG,德科立,3894355661.08,38.94,3894355661.08,38.94,11215585901.48,112.16,18634692154.5,186.35,35299114454.45,352.99,72432284758.21,724.32,20
2026-04-03,600010.XSHG,包钢股份,3822131531.27,38.22,3822131531.27,38.22,11495497497.97,114.95,18352453410.58,183.52,37690184358.96,376.9,63587829853.72,635.88,20
2026-04-03,688048.XSHG,长光华芯,3715992890.77,37.16,3715992890.77,37.16,10290820483.38,102.91,18441085525.24,184.41,42954981830.58,429.55,104266028530.28,1042.66,20
2026-04-03,000938.XSHE,紫光股份,3665293297.32,36.65,3665293297.32,36.65,8906017864.07,89.06,17041035243.15,170.41,37951164801.29,379.51,106402785589.14,1064.03,20
2026-04-03,688195.XSHG,腾景科技,3639801903.04,36.4,3639801903.04,36.4,10103256336.82,101.03,15860840214.7,158.61,29280268526.09,292.8,61654474292.53,616.54,20
2026-04-03,002222.XSHE,福晶科技,3608571173.71,36.09,3608571173.71,36.09,12819512887.49,128.2,20388879439.7,203.89,33703064457.06,337.03,65201052427.66,652.01,20
2026-04-03,300342.XSHE,天银机电,3584072461.91,35.84,3584072461.91,35.84,11172003494.16,111.72,19452733186.17,194.53,34850602559.26,348.51,78519852669.95,785.2,20
2026-04-03,300456.XSHE,赛微电子,3542246210.31,35.42,3542246210.31,35.42,12925343723.29,129.25,21943311069.99,219.43,39013755005.63,390.14,75352200821.63,753.52,20
2026-04-07,002792.XSHE,通宇通讯,4686697719.07,46.87,4686697719.07,46.87,11943032311.38,119.43,16197640613.42,161.98,33992630990.46,339.93,55966079283.42,559.66,20
2026-04-07,600111.XSHG,北方稀土,4592702521.07,45.93,4592702521.07,45.93,14919675262.92,149.2,24729723987.51,247.3,54880514967.47,548.81,125539909184.57,1255.4,20
2026-04-07,688041.XSHG,海光信息,4349341995.15,43.49,4349341995.15,43.49,15844323606.25,158.44,33292896501.51,332.93,71342174372.53,713.42,192778883995.44,1927.79,20
2026-04-07,688981.XSHG,中芯国际,4340589109.66,43.41,4340589109.66,43.41,12910010864.61,129.1,20595866935.19,205.96,46971752783.7,469.72,132457235882.83,1324.57,20
2026-04-07,002015.XSHE,协鑫能科,4037966986.83,40.38,4037966986.83,40.38,10488358852.7,104.88,14494161259.24,144.94,31880861304.13,318.81,65569473328.41,655.69,20
2026-04-07,600602.XSHG,云赛智联,3865761636.88,38.66,3865761636.88,38.66,10119997379.25,101.2,15175113369.24,151.75,25766992865.05,257.67,38658859902.46,386.59,20
2026-04-07,600989.XSHG,宝丰能源,3826143825.22,38.26,3826143825.22,38.26,12610555436.68,126.11,18843857415.23,188.44,32431919928.3,324.32,68828293471.81,688.28,20
2026-04-07,002565.XSHE,顺灏股份,3666672058.9,36.67,3666672058.9,36.67,13153566030.92,131.54,18228677211.0,182.29,41324269455.36,413.24,82753680842.17,827.54,20
2026-04-07,600309.XSHG,万华化学,3622170689.69,36.22,3622170689.69,36.22,9500280964.32,95.0,15891166347.56,158.91,30848390983.99,308.48,62636853035.74,626.37,20
2026-04-07,600150.XSHG,中国船舶,3567139143.37,35.67,3567139143.37,35.67,8619895954.72,86.2,12276760402.98,122.77,25923478155.19,259.23,94512073406.32,945.12,20
2026-04-07,000977.XSHE,浪潮信息,3542782529.93,35.43,3542782529.93,35.43,14736108428.48,147.36,29885076517.47,298.85,60776134558.23,607.76,120965440281.5,1209.65,20
2026-04-08,300058.XSHE,蓝色光标,9033534771.6,90.34,9033534771.6,90.34,32438543073.18,324.39,50988308158.57,509.88,108894254043.71,1088.94,206578209850.33,2065.78,20
2026-04-08,300475.XSHE,香农芯创,8542211312.55,85.42,8542211312.55,85.42,23182096477.96,231.82,36900798603.08,369.01,65145869679.65,651.46,151470540235.94,1514.71,20
2026-04-08,603993.XSHG,洛阳钼业,8354456924.15,83.54,8354456924.15,83.54,17563377625.86,175.63,26479720090.84,264.8,48954752779.02,489.55,95526509016.01,955.27,20
2026-04-08,300059.XSHE,东方财富,7521229573.88,75.21,7521229573.88,75.21,23445473112.15,234.45,35735374669.27,357.35,56924208572.65,569.24,115448702933.5,1154.49,20
2026-04-08,600410.XSHG,华胜天成,7325943886.07,73.26,7325943886.07,73.26,16611435899.17,166.11,24107132671.31,241.07,51084258514.51,510.84,84905024688.01,849.05,20
2026-04-08,688008.XSHG,澜起科技,6807382586.58,68.07,6807382586.58,68.07,17780902532.89,177.81,35660834603.92,356.61,69652843452.62,696.53,198190068465.94,1981.9,20
2026-04-08,601318.XSHG,中国平安,6612867449.33,66.13,6612867449.33,66.13,13732438797.21,137.32,21657202496.62,216.57,38300528427.1,383.01,89510999311.39,895.11,20
2026-04-08,002371.XSHE,北方华创,6447293264.85,64.47,6447293264.85,64.47,14550979881.27,145.51,21222039159.38,212.22,47598986529.04,475.99,116346222912.6,1163.46,20
2026-04-08,300017.XSHE,网宿科技,6286197990.8,62.86,6286197990.8,62.86,13084865050.3,130.85,23164331199.83,231.64,46014072007.3,460.14,88290223650.06,882.9,20
2026-04-08,300136.XSHE,信维通信,5753501099.08,57.54,5753501099.08,57.54,13410287700.13,134.1,23528196899.89,235.28,66453114657.23,664.53,168678505925.84,1686.79,20
2026-04-08,601600.XSHG,中国铝业,5659716274.34,56.6,5659716274.34,56.6,14998497953.46,149.98,21223898504.77,212.24,35996349719.27,359.96,62482186237.48,624.82,20
2026-04-08,601872.XSHG,招商轮船,5433812429.33,54.34,5433812429.33,54.34,13654016370.24,136.54,20722527382.57,207.23,33965775636.59,339.66,64426173976.5,644.26,20
2026-04-08,301308.XSHE,江波龙,5278366477.85,52.78,5278366477.85,52.78,16356172929.93,163.56,32028976130.84,320.29,59434322049.3,594.34,148244608503.78,1482.45,20
2026-04-08,688012.XSHG,中微公司,4986536170.58,49.87,4986536170.58,49.87,12245601757.1,122.46,19383470893.68,193.83,38089459755.7,380.89,103657138177.63,1036.57,20
2026-04-08,300442.XSHE,润泽科技,4962222001.1,49.62,4962222001.1,49.62,14276462510.84,142.76,25262291436.7,252.62,52719146139.89,527.19,107126637105.73,1071.27,20
2026-04-08,600519.XSHG,贵州茅台,4947937006.76,49.48,4947937006.76,49.48,12147397114.9,121.47,19269616834.94,192.7,49749899538.84,497.5,110796942677.94,1107.97,20
2026-04-09,002384.XSHE,东山精密,12250396662.58,122.5,12250396662.58,122.5,48301739495.1,483.02,73025107102.45,730.25,152133976355.41,1521.34,334198393388.01,3341.98,20
2026-04-09,300390.XSHE,天华新能,7003236513.5,70.03,7003236513.5,70.03,22338003668.22,223.38,35231359971.15,352.31,66137825915.16,661.38,145691081883.44,1456.91,20
2026-04-09,000977.XSHE,浪潮信息,6839691218.62,68.4,6839691218.62,68.4,21988659307.61,219.89,33513603080.1,335.14,67896022185.38,678.96,129785662186.86,1297.86,20
2026-04-09,002131.XSHE,利欧股份,6638090524.05,66.38,6638090524.05,66.38,14815334189.8,148.15,24100606856.72,241.01,45084985516.89,450.85,78529034786.9,785.29,20
2026-04-09,000063.XSHE,中兴通讯,6429909683.74,64.3,6429909683.74,64.3,14166285330.29,141.66,20470044187.59,204.7,39383423009.29,393.83,91199605017.83,912.0,20
2026-04-09,688313.XSHG,仕佳光子,6133907428.47,61.34,6133907428.47,61.34,19050286442.94,190.5,29091916399.87,290.92,59590392097.41,595.9,119951640525.09,1199.52,20
2026-04-09,002491.XSHE,通鼎互联,5749294204.46,57.49,5749294204.46,57.49,14218210791.78,142.18,21428380236.73,214.28,38224969647.65,382.25,62316286744.39,623.16,20
2026-04-09,600666.XSHG,奥瑞德,5632436119.58,56.32,5632436119.58,56.32,12536313352.7,125.36,19331645300.41,193.32,41031590342.46,410.32,60553195022.97,605.53,20
2026-04-09,603259.XSHG,药明康德,5070197962.47,50.7,5070197962.47,50.7,11156736004.94,111.57,18353000098.74,183.53,39222130373.62,392.22,95143714341.69,951.44,20
2026-04-09,002008.XSHE,大族激光,4969879282.44,49.7,4969879282.44,49.7,10894978301.83,108.95,19544764707.69,195.45,40728660729.58,407.29,100660423507.24,1006.6,20
2026-04-09,603083.XSHG,剑桥科技,4960076185.65,49.6,4960076185.65,49.6,12629513338.22,126.3,25466336625.29,254.66,61324958533.14,613.25,121386319316.58,1213.86,20
2026-04-09,002565.XSHE,顺灏股份,4916437371.31,49.16,4916437371.31,49.16,9991548551.39,99.92,18772241946.08,187.72,43231278858.73,432.31,84114919990.96,841.15,20
2026-04-09,002361.XSHE,神剑股份,4882955469.38,48.83,4882955469.38,48.83,14793672315.96,147.94,24854383631.57,248.54,62946571716.23,629.47,122462871948.91,1224.63,20
2026-04-09,300342.XSHE,天银机电,4845933990.18,48.46,4845933990.18,48.46,11072214176.45,110.72,17879108570.49,178.79,38332739528.06,383.33,84238420179.52,842.38,20
2026-04-09,603778.XSHG,国晟科技,4715307017.58,47.15,4715307017.58,47.15,12545372937.87,125.45,12981236795.87,129.81,29351783287.48,293.52,49793744996.64,497.94,20
2026-04-10,300059.XSHE,东方财富,11921420628.8,119.21,11921420628.8,119.21,24211322185.92,242.11,33307615202.63,333.08,55790172114.39,557.9,124850881769.11,1248.51,20
2026-04-10,600030.XSHG,中信证券,11036902941.09,110.37,11036902941.09,110.37,20420902363.9,204.21,27071618899.12,270.72,42828918239.44,428.29,87194658092.84,871.95,20
2026-04-10,300207.XSHE,欣旺达,8313078839.22,83.13,8313078839.22,83.13,19186431419.42,191.86,26798767649.98,267.99,40853239058.98,408.53,63121041994.83,631.21,20
2026-04-10,002837.XSHE,英维克,7546417861.59,75.46,7546417861.59,75.46,20852317511.58,208.52,31023877453.74,310.24,73639599043.59,736.4,119222991221.46,1192.23,20
2026-04-10,300014.XSHE,亿纬锂能,7367040001.83,73.67,7367040001.83,73.67,19242551659.64,192.43,29707013330.16,297.07,56996898144.17,569.97,122693637065.19,1226.94,20
2026-04-10,002709.XSHE,天赐材料,6997063298.3,69.97,6997063298.3,69.97,18377765957.35,183.78,29591948095.92,295.92,61034877333.6,610.35,153283914768.36,1532.84,20
2026-04-10,688041.XSHG,海光信息,6873225597.36,68.73,6873225597.36,68.73,24325692595.63,243.26,39510894951.48,395.11,76685180050.01,766.85,226876156243.01,2268.76,20
2026-04-10,002594.XSHE,比亚迪,6130392651.86,61.3,6130392651.86,61.3,18632022906.28,186.32,29827599592.87,298.28,51179920305.67,511.8,105219100568.44,1052.19,20
2026-04-10,002916.XSHE,深南电路,5954663180.17,59.55,5954663180.17,59.55,13909623863.61,139.1,20543131005.56,205.43,37893418897.12,378.93,73768145315.72,737.68,20
2026-04-10,002342.XSHE,巨力索具,5699788805.14,57.0,5699788805.14,57.0,14865531480.96,148.66,25405136437.56,254.05,50495017028.41,504.95,98050857372.25,980.51,20
2026-04-10,300033.XSHE,同花顺,5240804633.28,52.41,5240804633.28,52.41,13188380582.26,131.88,19652680161.3,196.53,37604234655.94,376.04,80081023747.71,800.81,20
2026-04-10,300442.XSHE,润泽科技,5156378243.86,51.56,5156378243.86,51.56,16142207169.72,161.42,28022388919.74,280.22,56027275000.42,560.27,112875166136.98,1128.75,20
2026-04-10,688521.XSHG,芯原股份,5084886667.48,50.85,5084886667.48,50.85,17308068062.91,173.08,34568464935.19,345.68,68769534287.27,687.7,151049585183.28,1510.5,20
2026-04-10,688048.XSHG,长光华芯,5055755397.65,50.56,5055755397.65,50.56,15310677088.47,153.11,23777897780.03,237.78,54273667227.13,542.74,117139125425.07,1171.39,20
2026-04-10,603799.XSHG,华友钴业,4922772856.92,49.23,4922772856.92,49.23,17684611703.21,176.85,30004989094.07,300.05,57145336057.88,571.45,117499245994.04,1174.99,20
2026-04-13,600010.XSHG,包钢股份,6627322590.74,66.27,6627322590.74,66.27,14688116011.91,146.88,19337730948.38,193.38,32106591705.16,321.07,58297520067.02,582.98,20
2026-04-13,605117.XSHG,德业股份,6232031017.68,62.32,6232031017.68,62.32,12305509921.81,123.06,17705472425.9,177.05,26627466874.19,266.27,47420941652.65,474.21,20
2026-04-13,603019.XSHG,中科曙光,6223153984.8,62.23,6223153984.8,62.23,14590489382.36,145.9,23116806111.0,231.17,51067560591.99,510.68,124478462287.38,1244.78,20
2026-04-13,000938.XSHE,紫光股份,6071364325.22,60.71,6071364325.22,60.71,13776431242.96,137.76,20910129558.14,209.1,54624659266.79,546.25,127413099065.88,1274.13,20
2026-04-13,600111.XSHG,北方稀土,5506576970.68,55.07,5506576970.68,55.07,17793383422.89,177.93,28928613385.88,289.29,55347926280.35,553.48,149248710574.08,1492.49,20
2026-04-13,002074.XSHE,国轩高科,5358797923.2,53.59,5358797923.2,53.59,11653022871.07,116.53,17853860936.11,178.54,30335241984.36,303.35,50700507544.0,507.01,20
2026-04-13,300570.XSHE,太辰光,5253026424.06,52.53,5253026424.06,52.53,13512415623.07,135.12,21574838440.68,215.75,41834895111.21,418.35,91118793142.56,911.19,20
2026-04-13,002436.XSHE,兴森科技,4947290318.26,49.47,4947290318.26,49.47,13914452115.44,139.14,19932116249.55,199.32,40298401318.65,402.98,88446909283.36,884.47,20
2026-04-13,002558.XSHE,巨人网络,4832090434.75,48.32,4832090434.75,48.32,9064395044.33,90.64,12678329030.95,126.78,18530476446.79,185.3,39544374929.62,395.44,20
2026-04-14,603799.XSHG,华友钴业,7986436360.19,79.86,7986436360.19,79.86,20306813751.05,203.07,33897692006.28,338.98,58767905535.88,587.68,117199013803.61,1171.99,20
2026-04-14,300136.XSHE,信维通信,7398617544.08,73.99,7398617544.08,73.99,20845871185.18,208.46,41394945980.79,413.95,93921680048.05,939.22,201728309573.0,2017.28,20
2026-04-14,002202.XSHE,金风科技,6936841260.07,69.37,6936841260.07,69.37,17322971722.42,173.23,29100472738.65,291.0,52547277193.26,525.47,115392140275.42,1153.92,20
2026-04-14,002428.XSHE,云南锗业,6808889442.95,68.09,6808889442.95,68.09,15030485065.63,150.3,28975800392.47,289.76,74635426897.35,746.35,162043021443.22,1620.43,20
2026-04-14,688048.XSHG,长光华芯,5852385078.35,58.52,5852385078.35,58.52,14319605769.91,143.2,25600155492.62,256.0,58064519465.32,580.65,117732376940.81,1177.32,20
2026-04-14,603993.XSHG,洛阳钼业,5751815920.94,57.52,5751815920.94,57.52,17413781054.44,174.14,25060150476.26,250.6,44499267813.9,444.99,99186711604.66,991.87,20
2026-04-14,600176.XSHG,中国巨石,5652095568.41,56.52,5652095568.41,56.52,15630229153.84,156.3,26343093443.3,263.43,47947428895.74,479.47,102945578609.67,1029.46,20
2026-04-14,300017.XSHE,网宿科技,5641327343.95,56.41,5641327343.95,56.41,16545524539.12,165.46,25073093733.03,250.73,49843270165.54,498.43,91491189339.92,914.91,20
2026-04-14,688111.XSHG,金山办公,5427709219.99,54.28,5427709219.99,54.28,10990210859.39,109.9,14728213968.91,147.28,24268899744.77,242.69,51370171622.08,513.7,20
2026-04-14,600183.XSHG,生益科技,5305592507.99,53.06,5305592507.99,53.06,15243153022.64,152.43,23118289675.57,231.18,47422618216.59,474.23,97190624761.64,971.91,20
2026-04-15,300857.XSHE,协创数据,11215145367.98,112.15,11215145367.98,112.15,29692980245.79,296.93,43050397949.98,430.5,90011083613.96,900.11,174092247170.3,1740.92,20
2026-04-15,603083.XSHG,剑桥科技,8465823664.54,84.66,8465823664.54,84.66,17551530662.97,175.52,34566779548.1,345.67,68904664012.19,689.05,128928338547.29,1289.28,20
2026-04-15,601179.XSHG,中国西电,7714583859.9,77.15,7714583859.9,77.15,16472139443.88,164.72,26513706962.36,265.14,44793823166.78,447.94,93335093919.4,933.35,20
2026-04-15,600089.XSHG,特变电工,7376022665.28,73.76,7376022665.28,73.76,17735047368.24,177.35,26848080485.68,268.48,46319653335.19,463.2,108585327361.82,1085.85,20
2026-04-15,688981.XSHG,中芯国际,7336887912.32,73.37,7336887912.32,73.37,16742816852.06,167.43,26591319139.95,265.91,63779411421.46,637.79,173710423579.78,1737.1,20
2026-04-15,002149.XSHE,西部材料,7034884218.58,70.35,7034884218.58,70.35,16346642994.03,163.47,28102862271.46,281.03,54929010490.41,549.29,110837820717.94,1108.38,20
2026-04-15,000547.XSHE,航天发展,6765338443.22,67.65,6765338443.22,67.65,17654236518.41,176.54,32808949018.08,328.09,50953886999.5,509.54,96901315278.84,969.01,20
2026-04-15,002364.XSHE,中恒电气,6674115694.18,66.74,6674115694.18,66.74,15959477159.08,159.59,26101368806.8,261.01,40820288882.57,408.2,68400707365.7,684.01,20
2026-04-15,600276.XSHG,恒瑞医药,5945432690.86,59.45,5945432690.86,59.45,12824809830.86,128.25,17679067536.09,176.79,36756367939.81,367.56,90968628585.59,909.69,20
2026-04-15,600118.XSHG,中国卫星,5916324578.61,59.16,5916324578.61,59.16,12465735887.62,124.66,31328175665.74,313.28,71870932764.02,718.71,144587232042.77,1445.87,20
2026-04-15,000657.XSHE,中钨高新,5838280565.1,58.38,5838280565.1,58.38,22753766238.49,227.54,35445851928.75,354.46,58654354375.48,586.54,116356721910.29,1163.57,20
2026-04-15,600879.XSHG,航天电子,5758076123.34,57.58,5758076123.34,57.58,12289292147.86,122.89,26460527835.61,264.61,47357744988.41,473.58,94955286087.71,949.55,20
2026-04-15,002361.XSHE,神剑股份,5460270542.24,54.6,5460270542.24,54.6,21005324568.27,210.05,35445049520.6,354.45,69774028115.48,697.74,119274216263.45,1192.74,20
2026-04-16,300442.XSHE,润泽科技,7245396279.09,72.45,7245396279.09,72.45,17554175810.77,175.54,28063986138.56,280.64,52731831301.56,527.32,133833510031.99,1338.34,20
2026-04-16,002594.XSHE,比亚迪,6763624066.88,67.64,6763624066.88,67.64,15316508828.48,153.17,23200390567.47,232.0,52342838294.92,523.43,97865311422.28,978.65,20
2026-04-16,300433.XSHE,蓝思科技,6279799239.72,62.8,6279799239.72,62.8,14185463147.07,141.85,18814656823.48,188.15,27412237004.8,274.12,79179164152.49,791.79,20
2026-04-16,600875.XSHG,东方电气,6264284266.85,62.64,6264284266.85,62.64,15455322916.79,154.55,21611247502.02,216.11,39430420924.15,394.3,80668429781.93,806.68,20
2026-04-16,300017.XSHE,网宿科技,6194364296.24,61.94,6194364296.24,61.94,14721933490.15,147.22,24697618801.03,246.98,45350199019.41,453.5,92269777743.15,922.7,20
2026-04-16,600111.XSHG,北方稀土,5946342640.1,59.46,5946342640.1,59.46,17863984527.75,178.64,26586199914.01,265.86,51248954241.16,512.49,154719969924.15,1547.2,20
2026-04-16,002466.XSHE,天齐锂业,5928626876.67,59.29,5928626876.67,59.29,15510301644.2,155.1,31215091333.82,312.15,68449181815.62,684.49,139441896425.27,1394.42,20
2026-04-16,600549.XSHG,厦门钨业,5907601454.84,59.08,5907601454.84,59.08,17727934339.06,177.28,25960377970.54,259.6,49505940658.0,495.06,84634354932.46,846.34,20
2026-04-16,300088.XSHE,长信科技,5810800041.31,58.11,5810800041.31,58.11,11793758212.69,117.94,15640394738.33,156.4,20998194822.61,209.98,31196291078.27,311.96,20
2026-04-16,600410.XSHG,华胜天成,5773148043.81,57.73,5773148043.81,57.73,19085484781.01,190.85,28604298304.06,286.04,47024020916.22,470.24,74732940216.79,747.33,20
2026-04-16,600176.XSHG,中国巨石,5614277956.82,56.14,5614277956.82,56.14,16327142246.28,163.27,23812311682.09,238.12,49315513328.94,493.16,104930089496.31,1049.3,20
2026-04-16,300014.XSHE,亿纬锂能,5489270372.93,54.89,5489270372.93,54.89,14221307693.39,142.21,27580286983.82,275.8,54189575939.62,541.9,116476118765.23,1164.76,20
2026-04-16,002342.XSHE,巨力索具,5377209970.94,53.77,5377209970.94,53.77,14937617366.66,149.38,26371644713.88,263.72,45726058553.79,457.26,89195072514.8,891.95,20
2026-04-16,603629.XSHG,利通电子,5226976536.9,52.27,5226976536.9,52.27,14802939310.33,148.03,23734960646.72,237.35,40129164273.57,401.29,102080658090.76,1020.81,20
2026-04-17,600519.XSHG,贵州茅台,13631929446.08,136.32,13631929446.08,136.32,21833670679.25,218.34,30960329364.51,309.6,66173820624.38,661.74,132703110795.09,1327.03,20
2026-04-17,603259.XSHG,药明康德,7833958763.36,78.34,7833958763.36,78.34,14493105804.73,144.93,20736727454.21,207.37,51178303204.2,511.78,100298823206.44,1002.99,20
2026-04-17,601778.XSHG,晶科科技,7740995280.89,77.41,7740995280.89,77.41,17338268001.32,173.38,27781968421.58,277.82,53094856668.68,530.95,94782307157.54,947.82,20
2026-04-17,002281.XSHE,光迅科技,7116609917.24,71.17,7116609917.24,71.17,23434207882.96,234.34,47494170699.86,474.94,96620355347.45,966.2,246316456381.87,2463.16,20
2026-04-17,300620.XSHE,光库科技,6800641430.98,68.01,6800641430.98,68.01,17005321005.57,170.05,31547097486.98,315.47,49439031732.45,494.39,98800614995.12,988.01,20
2026-04-17,688313.XSHG,仕佳光子,6517594220.26,65.18,6517594220.26,65.18,19994927473.27,199.95,32748055736.7,327.48,60606588948.83,606.07,117920116315.3,1179.2,20
2026-04-17,002837.XSHE,英维克,6284630521.87,62.85,6284630521.87,62.85,17065363820.29,170.65,42615721589.85,426.16,62224247971.72,622.24,114411361882.43,1144.11,20
2026-04-17,002428.XSHE,云南锗业,6170237621.93,61.7,6170237621.93,61.7,22027706612.01,220.28,40287040040.79,402.87,78213276847.61,782.13,173052912594.59,1730.53,20
2026-04-17,300548.XSHE,长芯博创,5946222752.8,59.46,5946222752.8,59.46,15991869716.33,159.92,26909224854.55,269.09,49577007991.04,495.77,94630651877.31,946.31,20
2026-04-17,600666.XSHG,奥瑞德,5916884229.01,59.17,5916884229.01,59.17,14545035569.26,145.45,20685984175.37,206.86,30230508506.96,302.31,48175100686.12,481.75,20
2026-04-17,688048.XSHG,长光华芯,5791753922.96,57.92,5791753922.96,57.92,15613445825.59,156.13,30495769447.1,304.96,60860074512.09,608.6,116589716502.56,1165.9,20
2026-04-17,300456.XSHE,赛微电子,5694628168.69,56.95,5694628168.69,56.95,13397648244.3,133.98,25338440250.03,253.38,36267121585.59,362.67,69025110434.39,690.25,20
2026-04-17,002565.XSHE,顺灏股份,5580063026.43,55.8,5580063026.43,55.8,13808944120.64,138.09,26518555882.93,265.19,45379264943.8,453.79,78039652812.63,780.4,20
2026-04-17,600703.XSHG,三安光电,5553381293.27,55.53,5553381293.27,55.53,15230603058.84,152.31,26827335995.11,268.27,44809582475.92,448.1,101117383323.47,1011.17,20
2026-04-17,300475.XSHE,香农芯创,5518080873.81,55.18,5518080873.81,55.18,16475479777.48,164.75,26218123110.46,262.18,70810656629.07,708.11,172078939907.95,1720.79,20
2026-04-20,000977.XSHE,浪潮信息,10962102359.42,109.62,10962102359.42,109.62,25978407196.43,259.78,38036871625.81,380.37,66508624332.43,665.09,131749086704.12,1317.49,20
2026-04-20,603083.XSHG,剑桥科技,9720297505.26,97.2,9720297505.26,97.2,26772914909.42,267.73,40948558856.97,409.49,69116502636.39,691.17,128984798254.71,1289.85,20
2026-04-20,002371.XSHE,北方华创,8616839068.34,86.17,8616839068.34,86.17,24041815337.32,240.42,34853398161.15,348.53,74780519728.28,747.81,156815981689.42,1568.16,20
2026-04-20,600879.XSHG,航天电子,7598765778.41,75.99,7598765778.41,75.99,18621348968.83,186.21,28554584618.11,285.55,46436243399.54,464.36,91210576674.19,912.11,20
2026-04-20,002202.XSHE,金风科技,7312219053.96,73.12,7312219053.96,73.12,16171679038.67,161.72,24340763723.06,243.41,56664866723.52,566.65,107309200742.15,1073.09,20
2026-04-20,600118.XSHG,中国卫星,7073679847.18,70.74,7073679847.18,70.74,28676011912.74,286.76,46762355631.17,467.62,78859246404.97,788.59,148548715805.34,1485.49,20
2026-04-20,600498.XSHG,烽火通信,6929799839.73,69.3,6929799839.73,69.3,18904853833.9,189.05,30771265380.93,307.71,60622712250.71,606.23,132784291627.79,1327.84,20
2026-04-20,600522.XSHG,中天科技,6813994826.99,68.14,6813994826.99,68.14,29580178114.85,295.8,46308324120.72,463.08,89018280952.68,890.18,237235882349.38,2372.36,20
2026-04-20,600111.XSHG,北方稀土,6728754564.76,67.29,6728754564.76,67.29,15450969951.02,154.51,26419312894.47,264.19,67434988201.61,674.35,156583460506.94,1565.83,20
2026-04-20,002131.XSHE,利欧股份,6574417077.09,65.74,6574417077.09,65.74,13953254828.05,139.53,21575349696.71,215.75,37274308089.9,372.74,74577822564.8,745.78,20
2026-04-20,603019.XSHG,中科曙光,6236627063.24,62.37,6236627063.24,62.37,14596567158.28,145.97,27950754480.99,279.51,64030817723.12,640.31,139854176087.87,1398.54,20
2026-04-20,600150.XSHG,中国船舶,6198641798.82,61.99,6198641798.82,61.99,14892573144.77,148.93,30245763055.11,302.46,69664210183.39,696.64,117577935719.31,1175.78,20
2026-04-20,601179.XSHG,中国西电,6142604683.28,61.43,6142604683.28,61.43,13895285187.4,138.95,22421809725.88,224.22,36184168001.62,361.84,85107789101.7,851.08,20
2026-04-20,600089.XSHG,特变电工,5938315457.14,59.38,5938315457.14,59.38,12444440782.85,124.44,21593296574.66,215.93,41205074268.95,412.05,100677380957.32,1006.77,20
2026-04-21,688820.XSHG,盛合晶微,10371848464.68,103.72,10371848464.68,103.72,24438609764.76,244.39,36194254496.32,361.94,64505575460.08,645.06,140920847225.27,1409.21,20
2026-04-21,002466.XSHE,天齐锂业,9705112385.87,97.05,9705112385.87,97.05,21516824426.43,215.17,38643882805.34,386.44,82568602616.32,825.69,138022997975.47,1380.23,20
2026-04-21,600330.XSHG,天通股份,9371609166.64,93.72,9371609166.64,93.72,22152561837.3,221.53,35487376530.29,354.87,68548700912.45,685.49,122228635144.04,1222.29,20
2026-04-21,002709.XSHE,天赐材料,8145538197.12,81.46,8145538197.12,81.46,21280786288.67,212.81,37138945400.54,371.39,87369792703.0,873.7,161088286701.03,1610.88,20
2026-04-21,300014.XSHE,亿纬锂能,7541312230.63,75.41,7541312230.63,75.41,18557847493.55,185.58,29131041504.03,291.31,63674578164.38,636.75,115921911878.9,1159.22,20
2026-04-21,002149.XSHE,西部材料,6937009337.6,69.37,6937009337.6,69.37,19450772850.36,194.51,29218023712.82,292.18,54960075390.62,549.6,112084794132.14,1120.85,20
2026-04-21,601698.XSHG,中国卫通,6618646171.04,66.19,6618646171.04,66.19,16030411153.9,160.3,22271113901.04,222.71,33705825423.53,337.06,60680885787.55,606.81,20
2026-04-21,002460.XSHE,赣锋锂业,6603440345.75,66.03,6603440345.75,66.03,16828589629.13,168.29,30607351830.09,306.07,67370200953.08,673.7,116810148022.45,1168.1,20
2026-04-21,688270.XSHG,ST臻镭,6135042153.72,61.35,6135042153.72,61.35,11835837664.85,118.36,16292042450.29,162.92,26077876674.53,260.78,43228117632.65,432.28,20
2026-04-21,300450.XSHE,先导智能,5700887686.57,57.01,5700887686.57,57.01,13959077198.96,139.59,20191165274.92,201.91,38596454129.43,385.96,70846160585.88,708.46,20
2026-04-21,002342.XSHE,巨力索具,5670995482.94,56.71,5670995482.94,56.71,15529473195.13,155.29,23638652673.74,236.39,44917593418.64,449.18,83450822582.22,834.51,20
2026-04-21,600183.XSHG,生益科技,5327137232.51,53.27,5327137232.51,53.27,15858228344.78,158.58,24304328541.02,243.04,47119096965.51,471.19,107354977794.82,1073.55,20
2026-04-21,300442.XSHE,润泽科技,5267893421.49,52.68,5267893421.49,52.68,17696106549.0,176.96,27615266141.21,276.15,53164665116.29,531.65,134630830614.88,1346.31,20
2026-04-22,002837.XSHE,英维克,16119273349.11,161.19,16119273349.11,161.19,32151745441.15,321.52,39587919811.34,395.88,60663385792.84,606.63,116066643409.92,1160.67,20
2026-04-22,000938.XSHE,紫光股份,9570357043.38,95.7,9570357043.38,95.7,27217602518.05,272.18,39019355582.84,390.19,76519402698.09,765.19,145007133699.72,1450.07,20
2026-04-22,000063.XSHE,中兴通讯,8493460079.24,84.93,8493460079.24,84.93,17188101624.53,171.88,27525602412.61,275.26,53886615626.5,538.87,104348698361.76,1043.49,20
2026-04-22,688048.XSHG,长光华芯,7984021058.68,79.84,7984021058.68,79.84,22131574391.63,221.32,34085962095.9,340.86,65968283835.68,659.68,117010222081.42,1170.1,20
2026-04-22,002565.XSHE,顺灏股份,7253308016.86,72.53,7253308016.86,72.53,18903221176.18,189.03,25901328999.77,259.01,43103870592.95,431.04,67854738503.22,678.55,20
2026-04-22,002261.XSHE,拓维信息,7104750643.97,71.05,7104750643.97,71.05,20761225134.58,207.61,34502053382.54,345.02,56641705151.98,566.42,84642776079.4,846.43,20
2026-04-22,600498.XSHG,烽火通信,7052982584.96,70.53,7052982584.96,70.53,18919394131.99,189.19,32078599036.46,320.79,62765215056.81,627.65,130696305486.85,1306.96,20
2026-04-22,300017.XSHE,网宿科技,6557710892.49,65.58,6557710892.49,65.58,17369820112.85,173.7,24423552108.42,244.24,42276151642.76,422.76,91021213153.8,910.21,20
2026-04-22,300620.XSHE,光库科技,6172451459.32,61.72,6172451459.32,61.72,19975290138.43,199.75,26884228084.84,268.84,46307131088.24,463.07,93114670413.68,931.15,20
2026-04-22,300059.XSHE,东方财富,5719187226.85,57.19,5719187226.85,57.19,13906495184.54,139.06,25425954097.4,254.26,58524494360.85,585.24,139220258903.8,1392.2,20
2026-04-22,600961.XSHG,株冶集团,5696238414.81,56.96,5696238414.81,56.96,13357896711.87,133.58,18327763236.52,183.28,29808310138.15,298.08,49232630110.23,492.33,20
2026-04-22,000657.XSHE,中钨高新,5557279786.4,55.57,5557279786.4,55.57,14862074140.2,148.62,23208502446.73,232.09,56754474721.86,567.54,103088229380.16,1030.88,20
2026-04-23,002428.XSHE,云南锗业,13001018043.6,130.01,13001018043.6,130.01,32318919834.53,323.19,43641508540.71,436.42,87992362598.65,879.92,177849100322.61,1778.49,20
2026-04-23,600105.XSHG,永鼎股份,11191724333.8,111.92,11191724333.8,111.92,27571921651.26,275.72,43992530663.76,439.93,85586704088.12,855.87,154298563192.08,1542.99,20
2026-04-23,600150.XSHG,中国船舶,9163705941.81,91.64,9163705941.81,91.64,19528934649.01,195.29,34962220273.84,349.62,70072089420.3,700.72,114303835303.48,1143.04,20
2026-04-23,600703.XSHG,三安光电,8476803087.35,84.77,8476803087.35,84.77,18376358961.93,183.76,24226426919.13,242.26,45458967888.52,454.59,99253189834.67,992.53,20
2026-04-23,600111.XSHG,北方稀土,7734218125.69,77.34,7734218125.69,77.34,13067514143.71,130.68,24662754327.15,246.63,82913843925.41,829.14,157455943201.66,1574.56,20
2026-04-23,600330.XSHG,天通股份,7638715904.95,76.39,7638715904.95,76.39,20973530597.94,209.74,32259403147.23,322.59,64071801205.95,640.72,117033108116.89,1170.33,20
2026-04-23,300442.XSHE,润泽科技,7186296221.21,71.86,7186296221.21,71.86,17105455813.42,171.05,24667845163.0,246.68,56576836067.92,565.77,134183480863.05,1341.83,20
2026-04-23,300456.XSHE,赛微电子,7183339836.13,71.83,7183339836.13,71.83,11837007633.7,118.37,16137967673.56,161.38,32598899460.31,325.99,61505096144.11,615.05,20
2026-04-23,301308.XSHE,江波龙,6948353860.71,69.48,6948353860.71,69.48,20299708955.08,203.0,39931235297.67,399.31,98918628731.74,989.19,219098959707.12,2190.99,20
2026-04-23,300395.XSHE,菲利华,6679259096.67,66.79,6679259096.67,66.79,13451436964.08,134.51,20143950872.02,201.44,47487357433.57,474.87,114759095165.01,1147.59,20
2026-04-23,002008.XSHE,大族激光,6522707729.05,65.23,6522707729.05,65.23,17237681383.02,172.38,27245715747.06,272.46,59931762777.66,599.32,139803648621.8,1398.04,20
2026-04-23,300548.XSHE,长芯博创,6364283393.91,63.64,6364283393.91,63.64,16287215503.05,162.87,23733418675.57,237.33,49297418201.43,492.97,88431804947.02,884.32,20
2026-04-23,600875.XSHG,东方电气,6178981881.02,61.79,6178981881.02,61.79,13175942398.58,131.76,17819173422.13,178.19,37374569975.35,373.75,72421819843.94,724.22,20
2026-04-23,300342.XSHE,天银机电,6138032425.58,61.38,6138032425.58,61.38,14085753546.46,140.86,20924360000.47,209.24,45905680651.46,459.06,69802269799.36,698.02,20
2026-04-24,688808.XSHG,联讯仪器,11413259860.03,114.13,11413259860.03,114.13,21363243667.82,213.63,30990986610.81,309.91,52064681103.82,520.65,97819221134.54,978.19,20
2026-04-24,300475.XSHE,香农芯创,10868785308.3,108.69,10868785308.3,108.69,29291996500.4,292.92,44592533518.61,445.93,97958569354.46,979.59,183856584228.57,1838.57,20
2026-04-24,688981.XSHG,中芯国际,9980491748.01,99.8,9980491748.01,99.8,28439890300.51,284.4,46101630204.61,461.02,101392905942.36,1013.93,286096596183.89,2860.97,20
2026-04-24,002466.XSHE,天齐锂业,9667979616.3,96.68,9667979616.3,96.68,22750012545.17,227.5,41736832502.62,417.37,81681786614.2,816.82,126718352561.22,1267.18,20
2026-04-24,300390.XSHE,天华新能,8541912156.66,85.42,8541912156.66,85.42,20942500301.8,209.43,38544360388.08,385.44,81470670995.93,814.71,137104293367.91,1371.04,20
2026-04-24,002261.XSHE,拓维信息,8514043177.1,85.14,8514043177.1,85.14,22254871425.06,222.55,29202911759.57,292.03,52245888041.87,522.46,76819748612.31,768.2,20
2026-04-24,002460.XSHE,赣锋锂业,8070282445.64,80.7,8070282445.64,80.7,17755698553.76,177.56,34557144136.66,345.57,67176607026.52,671.77,109130243579.22,1091.3,20
2026-04-24,600519.XSHG,贵州茅台,8003410999.07,80.03,8003410999.07,80.03,23015688163.53,230.16,35213491259.87,352.13,66597410828.08,665.97,131345740842.44,1313.46,20
2026-04-24,603019.XSHG,中科曙光,7657669757.73,76.58,7657669757.73,76.58,20727187210.15,207.27,30315967334.46,303.16,73020547662.71,730.21,145668722820.64,1456.69,20
2026-04-24,601778.XSHG,晶科科技,7597041839.68,75.97,7597041839.68,75.97,16937577923.21,169.38,25312888247.1,253.13,44348645459.09,443.49,76172935591.37,761.73,20
2026-04-24,000977.XSHE,浪潮信息,6932168578.71,69.32,6932168578.71,69.32,16162168218.72,161.62,28024786196.96,280.25,62403810207.76,624.04,119001194373.23,1190.01,20
2026-04-24,688313.XSHG,仕佳光子,6594726085.21,65.95,6594726085.21,65.95,19450194214.45,194.5,27858533212.13,278.59,59926710428.83,599.27,115155555169.31,1151.56,20
2026-04-24,002407.XSHE,多氟多,6341989121.75,63.42,6341989121.75,63.42,19380970791.33,193.81,33312661106.53,333.13,61099568572.95,611.0,137538160947.94,1375.38,20
2026-04-24,688521.XSHG,芯原股份,6320770145.77,63.21,6320770145.77,63.21,16742060204.64,167.42,32718730360.65,327.19,82280050896.01,822.8,153591126207.19,1535.91,20
2026-04-24,002565.XSHE,顺灏股份,6193609413.89,61.94,6193609413.89,61.94,13191717237.48,131.92,18860709060.87,188.61,39509070182.13,395.09,57507027494.72,575.07,20
2026-04-24,002371.XSHE,北方华创,6164129851.71,61.64,6164129851.71,61.64,23650052164.37,236.5,37192761288.19,371.93,70566298504.59,705.66,180822121875.75,1808.22,20
2026-04-27,688012.XSHG,中微公司,8951169135.84,89.51,8951169135.84,89.51,21864264431.69,218.64,38360560583.93,383.61,75606059313.5,756.06,209564234631.09,2095.64,20
2026-04-27,300274.XSHE,阳光电源,8263085470.49,82.63,8263085470.49,82.63,39826487361.24,398.26,58831684965.73,588.32,101352828880.16,1013.53,277775237608.74,2777.75,20
2026-04-27,002156.XSHE,通富微电,8016654568.09,80.17,8016654568.09,80.17,18443177641.93,184.43,27827175885.81,278.27,81290845401.05,812.91,215368153470.81,2153.68,20
2026-04-27,300604.XSHE,长川科技,7359775161.9,73.6,7359775161.9,73.6,19299659831.04,193.0,31044969517.21,310.45,65639909733.41,656.4,149541790516.76,1495.42,20
2026-04-27,301308.XSHE,江波龙,7313386761.48,73.13,7313386761.48,73.13,26944913104.07,269.45,46949236451.25,469.49,113610641344.85,1136.11,229687250375.69,2296.87,20
2026-04-27,600330.XSHG,天通股份,7228661916.56,72.29,7228661916.56,72.29,18514534465.85,185.15,33922749392.83,339.23,65144906670.16,651.45,115811341525.07,1158.11,20
2026-04-27,600498.XSHG,烽火通信,6861251665.66,68.61,6861251665.66,68.61,17102910731.15,171.03,29851446869.78,298.51,69897635830.37,698.98,123192582684.59,1231.93,20
2026-04-27,002812.XSHE,恩捷股份,6727180610.24,67.27,6727180610.24,67.27,15830255119.53,158.3,24059117568.7,240.59,41252004473.74,412.52,70660424230.82,706.6,20
2026-04-27,601869.XSHG,长飞光纤,6726492687.79,67.26,6726492687.79,67.26,15440722729.52,154.41,28971579579.12,289.72,65039375511.39,650.39,116260699178.15,1162.61,20
2026-04-27,002202.XSHE,金风科技,6418259785.51,64.18,6418259785.51,64.18,14274796223.17,142.75,32324103000.46,323.24,63105654155.2,631.06,101130897080.97,1011.31,20
2026-04-27,000063.XSHE,中兴通讯,6228963623.27,62.29,6228963623.27,62.29,13856302996.01,138.56,25755782752.92,257.56,52669723679.87,526.7,100066410511.64,1000.66,20
2026-04-27,002594.XSHE,比亚迪,6169037081.86,61.69,6169037081.86,61.69,20878877596.51,208.79,33831582945.36,338.32,55172560227.58,551.73,90264092724.24,902.64,20
2026-04-28,600150.XSHG,中国船舶,10821818261.88,108.22,10821818261.88,108.22,26152186806.37,261.52,40365729256.17,403.66,65438875646.93,654.39,106609511971.32,1066.1,20
2026-04-28,000066.XSHE,中国长城,7647516946.54,76.48,7647516946.54,76.48,22200497555.48,222.0,35044948904.73,350.45,106426609887.88,1064.27,171755032146.33,1717.55,20
2026-04-28,600030.XSHG,中信证券,7136087372.71,71.36,7136087372.71,71.36,15910276492.06,159.1,25167637737.16,251.68,44774168842.25,447.74,82292154762.98,822.92,20
2026-04-28,300059.XSHE,东方财富,7072650761.74,70.73,7072650761.74,70.73,19519868454.0,195.2,35407639626.88,354.08,76932393239.92,769.32,148954213702.09,1489.54,20
2026-04-28,001309.XSHE,德明利,6602728748.75,66.03,6602728748.75,66.03,25634751410.74,256.35,45734912987.66,457.35,100158893673.54,1001.59,201861986775.66,2018.62,20
2026-04-28,603083.XSHG,剑桥科技,6496237518.53,64.96,6496237518.53,64.96,18305028792.18,183.05,29916923309.91,299.17,60733613848.62,607.34,120657427987.5,1206.57,20
2026-04-28,688498.XSHG,源杰科技,6396501402.65,63.97,6396501402.65,63.97,16587671036.45,165.88,28823071099.64,288.23,57457835760.73,574.58,119402097217.66,1194.02,20
2026-04-28,002361.XSHE,神剑股份,6367332614.12,63.67,6367332614.12,63.67,15876140983.77,158.76,26098790956.65,260.99,52540147794.95,525.4,75584047232.37,755.84,20
2026-04-28,002008.XSHE,大族激光,6129395047.28,61.29,6129395047.28,61.29,16333690630.87,163.34,26379565065.25,263.8,67165014191.08,671.65,145107658792.18,1451.08,20
2026-04-28,688048.XSHG,长光华芯,5954494226.08,59.54,5954494226.08,59.54,17115160816.68,171.15,30321250224.26,303.21,59667857475.49,596.68,110290927100.39,1102.91,20
2026-04-28,603259.XSHG,药明康德,5924749801.77,59.25,5924749801.77,59.25,24029271500.23,240.29,35271990237.12,352.72,63338569949.96,633.39,100541231877.94,1005.41,20
2026-04-28,301358.XSHE,湖南裕能,5821178489.4,58.21,5821178489.4,58.21,17269551564.17,172.7,27247365670.76,272.47,45963376644.63,459.63,70724219449.88,707.24,20
2026-04-29,002594.XSHE,比亚迪,11021927729.24,110.22,11021927729.24,110.22,23974633078.09,239.75,32506744926.42,325.07,53184655394.04,531.85,89299744648.07,893.0,20
2026-04-29,300390.XSHE,天华新能,9876859984.38,98.77,9876859984.38,98.77,27199938273.01,272.0,45502641956.39,455.03,80503650648.19,805.04,133684332584.36,1336.84,20
2026-04-29,600036.XSHG,招商银行,9780526575.06,97.81,9780526575.06,97.81,19695195426.06,196.95,26000696834.69,260.01,42288081593.47,422.88,73724616398.07,737.25,20
2026-04-29,601318.XSHG,中国平安,9481901997.52,94.82,9481901997.52,94.82,21209352641.56,212.09,33521833688.34,335.22,61263922462.56,612.64,107741156075.66,1077.41,20
2026-04-29,600111.XSHG,北方稀土,9352752885.28,93.53,9352752885.28,93.53,36674016808.72,366.74,54335918661.15,543.36,106437813004.75,1064.38,164715208595.32,1647.15,20
2026-04-29,000938.XSHE,紫光股份,8334139055.29,83.34,8334139055.29,83.34,22935338014.41,229.35,37500047115.25,375.0,77564343268.16,775.64,134026307322.82,1340.26,20
2026-04-29,000651.XSHE,格力电器,8098172737.91,80.98,8098172737.91,80.98,13639829310.53,136.4,16938455971.35,169.38,26415449215.95,264.15,42074036858.95,420.74,20
2026-04-29,002407.XSHE,多氟多,7416867622.12,74.17,7416867622.12,74.17,20833163868.56,208.33,32836794082.1,328.37,53447954590.66,534.48,131888359239.34,1318.88,20
2026-04-29,603799.XSHG,华友钴业,7281206973.46,72.81,7281206973.46,72.81,19846950877.51,198.47,33348303017.96,333.48,58975406106.14,589.75,91593349563.43,915.93,20
2026-04-29,002460.XSHE,赣锋锂业,7223688906.43,72.24,7223688906.43,72.24,24937152661.65,249.37,39732623897.35,397.33,63989112140.67,639.89,102056600977.84,1020.57,20
2026-04-29,300014.XSHE,亿纬锂能,6900083382.65,69.0,6900083382.65,69.0,20427206029.0,204.27,38547218562.15,385.47,65485504866.38,654.86,106750999669.27,1067.51,20
2026-04-29,600176.XSHG,中国巨石,6292092906.58,62.92,6292092906.58,62.92,18659113082.71,186.59,28031901145.94,280.32,57225182316.69,572.25,116743298670.18,1167.43,20
2026-04-29,000792.XSHE,盐湖股份,5996234285.89,59.96,5996234285.89,59.96,21887666836.47,218.88,33964755937.39,339.65,55638339074.94,556.38,84237618690.68,842.38,20
2026-04-29,300124.XSHE,汇川技术,5844835677.73,58.45,5844835677.73,58.45,13606871672.07,136.07,23943490755.92,239.43,43789899038.58,437.9,81860312245.22,818.6,20
2026-04-29,600183.XSHG,生益科技,5810891333.3,58.11,5810891333.3,58.11,14358372934.52,143.58,21181017625.59,211.81,50410443794.99,504.1,146631954601.99,1466.32,20
2026-04-29,002176.XSHE,江特电机,5779288777.14,57.79,5779288777.14,57.79,15342492767.5,153.42,23228498352.97,232.28,34935680664.74,349.36,48505741334.53,485.06,20
2026-04-30,688521.XSHG,芯原股份,11123816473.2,111.24,11123816473.2,111.24,35271407800.28,352.71,52556894789.74,525.57,87922416342.18,879.22,155281427593.86,1552.81,20
2026-04-30,600150.XSHG,中国船舶,10718901181.54,107.19,10718901181.54,107.19,24932443631.34,249.32,35109869146.46,351.1,60132201319.71,601.32,97043173606.54,970.43,20
2026-04-30,002202.XSHE,金风科技,9489163559.8,94.89,9489163559.8,94.89,25531888229.03,255.32,38627465803.49,386.27,63158995785.88,631.59,95749367523.99,957.49,20
2026-04-30,002371.XSHE,北方华创,8805165447.81,88.05,8805165447.81,88.05,23043053709.42,230.43,35744959683.75,357.45,80396028481.82,803.96,187632816565.93,1876.33,20
2026-04-30,000977.XSHE,浪潮信息,8195854087.34,81.96,8195854087.34,81.96,20217772925.97,202.18,36934412041.19,369.34,70922335753.09,709.22,122685869459.1,1226.86,20
2026-04-30,600330.XSHG,天通股份,7985571304.43,79.86,7985571304.43,79.86,21775451832.87,217.75,31812398058.72,318.12,64121804419.46,641.22,117324422791.0,1173.24,20
2026-04-30,002050.XSHE,三花智控,7670256265.67,76.7,7670256265.67,76.7,25029243962.41,250.29,48493468041.99,484.93,96829047747.21,968.29,202078368191.31,2020.78,20
2026-04-30,300059.XSHE,东方财富,7449063641.71,74.49,7449063641.71,74.49,23336834814.59,233.37,40301960098.24,403.02,76613428768.38,766.13,148765397255.15,1487.65,20
2026-04-30,600118.XSHG,中国卫星,7327791636.3,73.28,7327791636.3,73.28,21792543534.42,217.93,39764488902.1,397.64,72946024326.22,729.46,113362152860.06,1133.62,20
2026-04-30,600519.XSHG,贵州茅台,7316111748.09,73.16,7316111748.09,73.16,19440149002.8,194.4,31813726334.42,318.14,68126231583.33,681.26,135708932731.94,1357.09,20
2026-04-30,002428.XSHE,云南锗业,7285746309.71,72.86,7285746309.71,72.86,24673850845.82,246.74,44350854057.94,443.51,95103632195.87,951.04,175760685672.27,1757.61,20
2026-04-30,000657.XSHE,中钨高新,7249828212.13,72.5,7249828212.13,72.5,22472492172.19,224.72,34695818140.31,346.96,56270608610.11,562.71,118391507216.35,1183.92,20
2026-04-30,601869.XSHG,长飞光纤,7244593592.11,72.45,7244593592.11,72.45,21256625682.48,212.57,36532247917.45,365.32,67809805162.81,678.1,121924484110.37,1219.24,20
2026-04-30,600498.XSHG,烽火通信,7186418415.02,71.86,7186418415.02,71.86,19104073779.69,191.04,37098088355.05,370.98,72930209012.29,729.3,118150713479.67,1181.51,20
2026-04-30,688012.XSHG,中微公司,7112514370.22,71.13,7112514370.22,71.13,23025520321.01,230.26,38348654941.82,383.49,88519342784.0,885.19,215176818726.48,2151.77,20
2026-04-30,603083.XSHG,剑桥科技,6927215715.98,69.27,6927215715.98,69.27,18539110233.71,185.39,30599566785.97,306.0,59525307170.72,595.25,124542397730.33,1245.42,20
2026-04-30,002156.XSHE,通富微电,6822472050.63,68.22,6822472050.63,68.22,24225285323.4,242.25,45772316267.46,457.72,87567726385.68,875.68,233623915808.57,2336.24,20
2026-05-06,603019.XSHG,中科曙光,13421765665.4,134.22,13421765665.4,134.22,27256202556.56,272.56,42704580328.25,427.05,83783766052.88,837.84,136835341336.13,1368.35,20
2026-05-06,300442.XSHE,润泽科技,8552563032.17,85.53,8552563032.17,85.53,21042359540.84,210.42,35910972839.07,359.11,84120072457.38,841.2,129959165759.32,1299.59,20
2026-05-06,300058.XSHE,蓝色光标,8390855291.49,83.91,8390855291.49,83.91,36197036338.22,361.97,55894481946.99,558.94,95540249079.57,955.4,162256561728.69,1622.57,20
2026-05-06,000063.XSHE,中兴通讯,8321464030.26,83.21,8321464030.26,83.21,19264195279.31,192.64,30560977865.29,305.61,55981458109.58,559.81,113058814827.63,1130.59,20
2026-05-06,300014.XSHE,亿纬锂能,8077364214.2,80.77,8077364214.2,80.77,26197376747.35,261.97,38836559736.19,388.37,60336168938.3,603.36,103084233528.15,1030.84,20
2026-05-06,000858.XSHE,五粮液,7989429629.23,79.89,7989429629.23,79.89,15371841884.94,153.72,21229476421.09,212.29,39031537779.93,390.32,68764392027.15,687.64,20
2026-05-06,688313.XSHG,仕佳光子,7534489303.94,75.34,7534489303.94,75.34,20307692119.93,203.08,32068177216.7,320.68,57313527366.47,573.14,113562119338.24,1135.62,20
2026-05-06,688820.XSHG,盛合晶微,7315511544.6,73.16,7315511544.6,73.16,19380061461.02,193.8,33399995419.47,334.0,72552181753.89,725.52,152425262848.37,1524.25,20
2026-05-07,001309.XSHE,德明利,15581304658.24,155.81,15581304658.24,155.81,36073272868.61,360.73,56196910526.17,561.97,117083321804.95,1170.83,201848007481.14,2018.48,20
2026-05-07,002156.XSHE,通富微电,14841287079.52,148.41,14841287079.52,148.41,36388318023.58,363.88,53463669515.24,534.64,98369612726.09,983.7,246717063753.23,2467.17,20
2026-05-07,000066.XSHE,中国长城,11997151490.45,119.97,11997151490.45,119.97,41134929401.24,411.35,71144904249.66,711.45,115706486744.49,1157.06,164241775150.3,1642.42,20
2026-05-07,600105.XSHG,永鼎股份,10439407231.66,104.39,10439407231.66,104.39,30014894682.8,300.15,47323550184.63,473.24,82674235860.13,826.74,159661376706.61,1596.61,20
2026-05-07,002149.XSHE,西部材料,8285198456.11,82.85,8285198456.11,82.85,21443617768.93,214.44,33687706816.45,336.88,60569862892.44,605.7,101689603252.48,1016.9,20
2026-05-07,601318.XSHG,中国平安,7920220893.65,79.2,7920220893.65,79.2,18079242302.46,180.79,28229570317.51,282.3,53097480181.86,530.97,98300826920.48,983.01,20
2026-05-07,601869.XSHG,长飞光纤,7725768832.88,77.26,7725768832.88,77.26,23001391067.85,230.01,36067795932.27,360.68,64252119883.33,642.52,125616371277.61,1256.16,20
2026-05-07,300395.XSHE,菲利华,7638861104.32,76.39,7638861104.32,76.39,19755358780.15,197.55,38622442975.01,386.22,66353908514.95,663.54,127971901258.7,1279.72,20
2026-05-07,603799.XSHG,华友钴业,7601259098.48,76.01,7601259098.48,76.01,19949397007.94,199.49,29403675986.91,294.04,48696946138.05,486.97,80043015711.67,800.43,20
2026-05-07,002463.XSHE,沪电股份,7299397013.79,72.99,7299397013.79,72.99,20986997142.81,209.87,35547854478.23,355.48,65927448583.4,659.27,186965534281.28,1869.66,20
2026-05-07,300342.XSHE,天银机电,7183127464.07,71.83,7183127464.07,71.83,16890571003.73,168.91,23769939005.41,237.7,34540827659.63,345.41,51748524385.16,517.49,20
2026-05-07,688048.XSHG,长光华芯,6963363297.01,69.63,6963363297.01,69.63,21015361383.49,210.15,30666425436.81,306.66,54058124795.35,540.58,112553967109.75,1125.54,20
2026-05-08,600118.XSHG,中国卫星,9819450098.77,98.19,9819450098.77,98.19,24784516711.41,247.85,39641648159.97,396.42,67697456089.52,676.97,99154894386.16,991.55,20
2026-05-08,000977.XSHE,浪潮信息,9551252051.65,95.51,9551252051.65,95.51,22357105172.17,223.57,40443369071.79,404.43,66723338412.94,667.23,113496222509.65,1134.96,20
2026-05-08,600673.XSHG,东阳光,9091907866.2,90.92,9091907866.2,90.92,19447141712.5,194.47,29348270383.02,293.48,43300398599.16,433.0,76221154828.3,762.21,20
2026-05-08,600584.XSHG,长电科技,8239048097.78,82.39,8239048097.78,82.39,29708783357.31,297.09,51609083557.94,516.09,133926145776.74,1339.26,353026158104.76,3530.26,20
2026-05-08,600879.XSHG,航天电子,8013310562.04,80.13,8013310562.04,80.13,19849166456.83,198.49,28310034533.69,283.1,43450049335.81,434.5,65096470839.12,650.96,20
2026-05-08,600498.XSHG,烽火通信,7638836413.98,76.39,7638836413.98,76.39,25727383161.0,257.27,41302746454.93,413.03,71454055103.82,714.54,109117360185.98,1091.17,20
2026-05-08,002342.XSHE,巨力索具,7619006549.95,76.19,7619006549.95,76.19,18167720120.33,181.68,26283731720.48,262.84,38533229163.58,385.33,53280185006.06,532.8,20
2026-05-08,002008.XSHE,大族激光,7578388915.56,75.78,7578388915.56,75.78,25132740566.72,251.33,40785449125.83,407.85,81367721483.91,813.68,141071613900.1,1410.72,20
2026-05-08,002361.XSHE,神剑股份,7547372004.78,75.47,7547372004.78,75.47,18435882682.23,184.36,26441356838.3,264.41,39820707318.49,398.21,54512481907.79,545.12,20
2026-05-08,601868.XSHG,中国能建,7487027985.89,74.87,7487027985.89,74.87,17906440016.63,179.06,30616084991.61,306.16,43416511759.83,434.17,58500871163.24,585.01,20
2026-05-11,300059.XSHE,东方财富,12201573885.34,122.02,12201573885.34,122.02,28787389057.87,287.87,44132477874.07,441.32,80695764542.95,806.96,131264489900.86,1312.64,20
2026-05-11,000547.XSHE,航天发展,10753372033.34,107.53,10753372033.34,107.53,21958025726.51,219.58,29448410637.07,294.48,40527535723.76,405.28,56456061396.31,564.56,20
2026-05-11,300604.XSHE,长川科技,9729833581.96,97.3,9729833581.96,97.3,25063016775.4,250.63,42329668463.49,423.3,84526478786.43,845.26,138240476539.89,1382.4,20
2026-05-11,603019.XSHG,中科曙光,9066031460.86,90.66,9066031460.86,90.66,23496401562.1,234.96,41110705930.75,411.11,75329340043.44,753.29,113482315977.12,1134.82,20
2026-05-11,688012.XSHG,中微公司,8768200329.32,87.68,8768200329.32,87.68,24161340269.31,241.61,46413031739.34,464.13,118947742217.51,1189.48,202683510888.98,2026.84,20
2026-05-11,002371.XSHE,北方华创,8226442870.47,82.26,8226442870.47,82.26,22538949070.09,225.39,42276471595.41,422.76,101193548400.81,1011.94,176579923184.53,1765.8,20
2026-05-11,600519.XSHG,贵州茅台,7790721392.36,77.91,7790721392.36,77.91,22330283518.63,223.3,37508242918.11,375.08,67578800597.15,675.79,123199093575.01,1231.99,20
2026-05-11,002463.XSHE,沪电股份,7608389710.16,76.08,7608389710.16,76.08,22169247045.58,221.69,36709032263.49,367.09,72210340789.29,722.1,173586926848.63,1735.87,20
2026-05-11,688820.XSHG,盛合晶微,7440702698.52,74.41,7440702698.52,74.41,20640036561.09,206.4,37519310777.14,375.19,77709622469.93,777.1,140018514831.29,1400.19,20
2026-05-12,600276.XSHG,恒瑞医药,13832346444.02,138.32,13832346444.02,138.32,26344296481.94,263.44,34659581197.5,346.6,55223134589.18,552.23,86305028438.53,863.05,20
2026-05-12,600601.XSHG,方正科技,10404976731.23,104.05,10404976731.23,104.05,21922213956.46,219.22,27909127509.94,279.09,43702392656.64,437.02,71916897715.8,719.17,20
2026-05-12,300395.XSHE,菲利华,10366522377.42,103.67,10366522377.42,103.67,26574533097.27,265.75,37947580113.23,379.48,67271737731.44,672.72,108216542478.55,1082.17,20
2026-05-12,600089.XSHG,特变电工,10129489141.58,101.29,10129489141.58,101.29,27821540355.15,278.22,36595789682.87,365.96,53110175263.49,531.1,77742173281.82,777.42,20
2026-05-12,601179.XSHG,中国西电,8519594689.08,85.2,8519594689.08,85.2,23768273524.64,237.68,30251922306.31,302.52,44397973809.76,443.98,60987723277.86,609.88,20
2026-05-12,600330.XSHG,天通股份,7891805541.21,78.92,7891805541.21,78.92,21836240700.44,218.36,32309406360.74,323.09,52961306910.94,529.61,96775942446.4,967.76,20
2026-05-12,603993.XSHG,洛阳钼业,7567303672.28,75.67,7567303672.28,75.67,19331307498.27,193.31,30303587789.28,303.04,50390223024.92,503.9,86757533960.69,867.58,20
2026-05-12,603083.XSHG,剑桥科技,7476154876.43,74.76,7476154876.43,74.76,18756233986.45,187.56,28925740384.75,289.26,58858535237.42,588.59,109514498624.96,1095.14,20
2026-05-12,002222.XSHE,福晶科技,7468053365.35,74.68,7468053365.35,74.68,18348757731.12,183.49,27184998769.66,271.85,50576234723.88,505.76,79476916421.17,794.77,20
2026-05-12,300442.XSHE,润泽科技,7457351289.85,74.57,7457351289.85,74.57,27103384515.37,271.03,49192687825.51,491.93,77606644795.13,776.07,104942643113.02,1049.43,20
2026-05-12,603259.XSHG,药明康德,7187971641.98,71.88,7187971641.98,71.88,17391821229.98,173.92,24303404887.16,243.03,43352466952.43,433.52,72932004238.66,729.32,20
2026-05-13,300604.XSHE,长川科技,8787811300.91,87.88,8787811300.91,87.88,26054462989.0,260.54,40538278517.73,405.38,84884611484.56,848.85,121965271065.4,1219.65,20
2026-05-13,300017.XSHE,网宿科技,8723020147.59,87.23,8723020147.59,87.23,20602701424.71,206.03,30482786103.6,304.83,47417038956.01,474.17,60650188173.41,606.5,20
2026-05-13,603019.XSHG,中科曙光,8048023790.41,80.48,8048023790.41,80.48,25662328159.06,256.62,41079185724.63,410.79,72648175157.93,726.48,98033938205.43,980.34,20
2026-05-13,002371.XSHE,北方华创,7878763219.16,78.79,7878763219.16,78.79,27616285744.48,276.16,47039593345.36,470.4,110255823371.16,1102.56,161919737333.6,1619.2,20
2026-05-13,002463.XSHE,沪电股份,7823612297.51,78.24,7823612297.51,78.24,22363397515.42,223.63,33419415818.92,334.19,85139680773.23,851.4,159241292100.56,1592.41,20
2026-05-13,600519.XSHG,贵州茅台,7653257144.39,76.53,7653257144.39,76.53,22831216543.87,228.31,35145370602.5,351.45,64748330014.36,647.48,108522067200.77,1085.22,20
2026-05-13,000938.XSHE,紫光股份,7568339934.67,75.68,7568339934.67,75.68,24145996468.53,241.46,35721203410.03,357.21,64152494336.86,641.52,96264722735.21,962.65,20
2026-05-13,000977.XSHE,浪潮信息,7563430957.17,75.63,7563430957.17,75.63,23701992092.85,237.02,33859615051.24,338.6,56597384165.47,565.97,91139117337.48,911.39,20
2026-05-13,002491.XSHE,通鼎互联,7519035646.0,75.19,7519035646.0,75.19,17791937954.93,177.92,25632018074.48,256.32,42464840570.75,424.65,71913437202.65,719.13,20
2026-05-13,002050.XSHE,三花智控,7277939385.26,72.78,7277939385.26,72.78,29956297110.9,299.56,49261782785.44,492.62,110733204027.78,1107.33,157447973040.87,1574.48,20
2026-05-14,601991.XSHG,大唐发电,14517109894.16,145.17,14517109894.16,145.17,34946692835.99,349.47,49959527537.43,499.6,81908903676.0,819.09,127088352887.66,1270.88,20
2026-05-14,600105.XSHG,永鼎股份,10439004655.97,104.39,10439004655.97,104.39,24462619104.29,244.63,35350685675.5,353.51,69266328246.3,692.66,112337826521.98,1123.38,20
2026-05-14,002600.XSHE,领益智造,9805026390.71,98.05,9805026390.71,98.05,26589841110.55,265.9,37648568149.66,376.49,59740989932.13,597.41,78857440208.42,788.57,20
2026-05-14,002008.XSHE,大族激光,9242500393.98,92.43,9242500393.98,92.43,25212492600.27,252.12,40047098547.94,400.47,80977959494.95,809.78,109528665168.25,1095.29,20
2026-05-14,600183.XSHG,生益科技,8976456936.61,89.76,8976456936.61,89.76,21649220214.05,216.49,34814263701.19,348.14,82887016466.57,828.87,156831417846.16,1568.31,20
2026-05-14,300782.XSHE,卓胜微,8694200437.81,86.94,8694200437.81,86.94,19377893345.96,193.78,26749166230.79,267.49,45345946668.32,453.46,59888851707.16,598.89,20
2026-05-14,002015.XSHE,协鑫能科,8399925332.69,84.0,8399925332.69,84.0,17248597165.57,172.49,24424467320.36,244.24,39901649586.43,399.02,60643927200.68,606.44,20
2026-05-14,600118.XSHG,中国卫星,8356545190.98,83.57,8356545190.98,83.57,19868377822.81,198.68,31728450724.21,317.28,51380563812.1,513.81,67869791417.17,678.7,20
2026-05-15,688012.XSHG,中微公司,16018523192.16,160.19,16018523192.16,160.19,42338824349.44,423.39,74751954060.73,747.52,137164908344.34,1371.65,172289002341.8,1722.89,20
2026-05-15,002371.XSHE,北方华创,13839689388.25,138.4,13839689388.25,138.4,33262996989.13,332.63,59773403542.59,597.73,113200092533.37,1132.0,148143140977.37,1481.43,20
2026-05-15,688820.XSHG,盛合晶微,9497922017.46,94.98,9497922017.46,94.98,25150731533.19,251.51,42424038780.2,424.24,85614107000.14,856.14,111997126071.61,1119.97,20
2026-05-15,300433.XSHE,蓝思科技,8942871966.91,89.43,8942871966.91,89.43,30140545292.65,301.41,45851808036.16,458.52,85078610648.56,850.79,121756375164.45,1217.56,20
2026-05-15,002709.XSHE,天赐材料,7783295339.65,77.83,7783295339.65,77.83,18580989735.66,185.81,35575168261.96,355.75,66219441646.78,662.19,82970815967.68,829.71,20
2026-05-15,600703.XSHG,三安光电,7725014597.55,77.25,7725014597.55,77.25,17507912445.98,175.08,27160008067.17,271.6,49327171332.43,493.27,66595393903.22,665.95,20
2026-05-15,688498.XSHG,源杰科技,7598911282.46,75.99,7598911282.46,75.99,18459537297.05,184.6,29891746010.05,298.92,61944261456.93,619.44,94192623874.1,941.93,20
2026-05-18,002407.XSHE,多氟多,11022307279.63,110.22,11022307279.63,110.22,25530989014.47,255.31,47791613824.37,477.92,78440404648.68,784.4,88982322864.67,889.82,20
2026-05-18,600183.XSHG,生益科技,7271190188.38,72.71,7271190188.38,72.71,20436233675.52,204.36,34986658464.43,349.87,96221510807.0,962.22,142453387820.49,1424.53,20
2026-05-18,002149.XSHE,西部材料,7227988533.98,72.28,7227988533.98,72.28,17572772042.87,175.73,27704911608.12,277.05,49547991036.02,495.48,58692512402.91,586.93,20
2026-05-18,601869.XSHG,长飞光纤,6488808574.95,64.89,6488808574.95,64.89,16461980145.07,164.62,25657447085.02,256.57,53618502795.78,536.19,77826231539.35,778.26,20
2026-05-18,600150.XSHG,中国船舶,6023217516.34,60.23,6023217516.34,60.23,13614158497.33,136.14,22202582847.87,222.03,40118920149.89,401.19,47907374577.41,479.07,20
2026-05-18,603667.XSHG,五洲新春,5673094216.72,56.73,5673094216.72,56.73,12200064816.66,122.0,22482746812.28,224.83,39296212291.22,392.96,45583081933.77,455.83,20
2026-05-19,688521.XSHG,芯原股份,11310275406.88,113.1,11310275406.88,113.1,24894746463.66,248.95,36895176276.12,368.95,67359011251.68,673.59,79651936712.78,796.52,20
2026-05-19,000021.XSHE,深科技,11224393446.44,112.24,11224393446.44,112.24,32362914203.78,323.63,48872271134.48,488.72,99488165081.37,994.88,112522880350.29,1125.23,20
2026-05-19,002131.XSHE,利欧股份,8282332753.44,82.82,8282332753.44,82.82,17818893906.82,178.19,22880189650.34,228.8,32994004006.17,329.94,36805399380.12,368.05,20
2026-05-19,688126.XSHG,沪硅产业,7017204611.4,70.17,7017204611.4,70.17,21540718289.87,215.41,33576224386.81,335.76,61644038547.01,616.44,69308872109.73,693.09,20
2026-05-19,600118.XSHG,中国卫星,6824090418.41,68.24,6824090418.41,68.24,16543975297.72,165.44,24308833520.68,243.09,40416128533.84,404.16,48001413594.36,480.01,20
2026-05-19,300302.XSHE,同有科技,6668860894.9,66.69,6668860894.9,66.69,13489781611.55,134.9,18776398866.83,187.76,29533851973.63,295.34,36438546904.46,364.39,20
2026-05-19,603083.XSHG,剑桥科技,6644057028.86,66.44,6644057028.86,66.44,18748882042.79,187.49,29932794852.67,299.33,65017090559.61,650.17,80588758240.21,805.89,20
2026-05-19,000938.XSHE,紫光股份,6381164900.63,63.81,6381164900.63,63.81,18690115020.79,186.9,28729508834.91,287.3,56425313663.29,564.25,66924684225.81,669.25,20
2026-05-19,688808.XSHG,联讯仪器,6088124887.34,60.88,6088124887.34,60.88,16593035295.85,165.93,25796913284.73,257.97,42307577960.81,423.08,50176696263.18,501.77,20
2026-05-20,300657.XSHE,弘信电子,10606208724.24,106.06,10606208724.24,106.06,23289128473.7,232.89,33527188564.96,335.27,47106365844.71,471.06,50125321767.49,501.25,20
2026-05-20,601899.XSHG,紫金矿业,9501730628.4,95.02,9501730628.4,95.02,26793430360.55,267.93,50059172884.49,500.59,91605334280.0,916.05,99559478243.7,995.59,20
2026-05-20,688347.XSHG,华虹公司,9023039898.16,90.23,9023039898.16,90.23,23559802253.09,235.6,44936845598.63,449.37,89969077687.18,899.69,97307559263.49,973.08,20
2026-05-20,002185.XSHE,华天科技,7931346589.48,79.31,7931346589.48,79.31,20383426044.42,203.83,36461595880.71,364.62,119557059607.55,1195.57,132585779694.14,1325.86,20
2026-05-20,002709.XSHE,天赐材料,7828138714.97,78.28,7828138714.97,78.28,23404334599.4,234.04,37238967568.12,372.39,60898539458.11,608.99,64389826232.02,643.9,20
2026-05-20,600111.XSHG,北方稀土,7475752010.14,74.76,7475752010.14,74.76,18592939452.13,185.93,28530907307.64,285.31,53411037490.45,534.11,59471841232.23,594.72,20
2026-05-20,002837.XSHE,英维克,7473100966.19,74.73,7473100966.19,74.73,18720645347.78,187.21,30924454609.57,309.24,53167204545.2,531.67,57662158001.4,576.62,20
2026-05-20,688072.XSHG,拓荆科技,7357057498.7,73.57,7357057498.7,73.57,24423177894.5,244.23,43144156668.79,431.44,79574567171.0,795.75,86920684307.81,869.21,20
2026-05-20,300390.XSHE,天华新能,7350234386.51,73.5,7350234386.51,73.5,16845450443.05,168.45,25720126967.04,257.2,51138106281.32,511.38,53939312965.83,539.39,20
2026-05-20,600498.XSHG,烽火通信,7104596557.37,71.05,7104596557.37,71.05,16868481665.37,168.68,24921069575.43,249.21,44386731445.76,443.87,50415915007.33,504.16,20
2026-05-20,600519.XSHG,贵州茅台,6271273747.82,62.71,6271273747.82,62.71,17756403620.41,177.56,29602959411.86,296.03,66633493916.95,666.33,73376696598.27,733.77,20
2026-05-21,300059.XSHE,东方财富,14843028813.27,148.43,14843028813.27,148.43,29900512772.51,299.01,44795089944.59,447.95,73817192912.63,738.17,73817192912.63,738.17,20
2026-05-21,000100.XSHE,TCL科技,10868581971.42,108.69,10868581971.42,108.69,24667022126.06,246.67,39801140181.83,398.01,68594292608.1,685.94,68594292608.1,685.94,20
2026-05-21,300033.XSHE,同花顺,9928762956.16,99.29,9928762956.16,99.29,19967070104.78,199.67,30466846812.65,304.67,52904289404.83,529.04,52904289404.83,529.04,20
2026-05-21,002463.XSHE,沪电股份,8261454032.16,82.61,8261454032.16,82.61,31778450351.49,317.78,60113800222.3,601.14,121038085697.88,1210.38,121038085697.88,1210.38,20
2026-05-21,300475.XSHE,香农芯创,8113828937.0,81.14,8113828937.0,81.14,24668818526.56,246.69,41306394896.58,413.06,71525710389.88,715.26,71525710389.88,715.26,20
2026-05-21,603019.XSHG,中科曙光,8100542460.93,81.01,8100542460.93,81.01,19693657982.52,196.94,31601705487.19,316.02,51493394503.53,514.93,51493394503.53,514.93,20
2026-05-21,002436.XSHE,兴森科技,7931707713.91,79.32,7931707713.91,79.32,22009715199.08,220.1,35789502431.5,357.9,79117258673.22,791.17,79117258673.22,791.17,20
2026-05-21,000938.XSHE,紫光股份,7894693974.76,78.95,7894693974.76,78.95,17934087788.88,179.34,28364277620.16,283.64,56129263179.78,561.29,56129263179.78,561.29,20
2026-05-21,600183.XSHG,生益科技,7444835944.17,74.45,7444835944.17,74.45,23652795128.64,236.53,48072752765.38,480.73,122017154144.97,1220.17,122017154144.97,1220.17,20
2026-05-22,000725.XSHE,京东方A,29162865531.99,291.63,29162865531.99,291.63,80307473466.47,803.07,127849216936.24,1278.49,202414350760.16,2024.14,202414350760.16,2024.14,20
2026-05-22,300408.XSHE,三环集团,9261375803.51,92.61,9261375803.51,92.61,28663653161.29,286.64,51268815505.77,512.69,90981024571.19,909.81,90981024571.19,909.81,20
2026-05-22,300395.XSHE,菲利华,7138686257.38,71.39,7138686257.38,71.39,21344651985.07,213.45,32997243788.5,329.97,55819406499.38,558.19,55819406499.38,558.19,20
2026-05-22,301666.XSHE,大普微,6766402141.8,67.66,6766402141.8,67.66,18256272249.16,182.56,26816535330.86,268.17,44875594679.15,448.76,44875594679.15,448.76,20
2026-05-22,688313.XSHG,仕佳光子,6703621318.38,67.04,6703621318.38,67.04,17912554302.21,179.13,31236622129.78,312.37,51989532935.37,519.9,51989532935.37,519.9,20
2026-05-22,600176.XSHG,中国巨石,6445085254.46,64.45,6445085254.46,64.45,20567293829.31,205.67,32910992787.87,329.11,62549767113.75,625.5,62549767113.75,625.5,20
2026-05-25,000657.XSHE,中钨高新,7320851993.85,73.21,7320851993.85,73.21,22747400060.64,227.47,36959186561.76,369.59,57167919334.8,571.68,57167919334.8,571.68,20
2026-05-25,603629.XSHG,利通电子,7063167913.03,70.63,7063167913.03,70.63,18621804867.03,186.22,31554358205.01,315.54,47812886467.43,478.13,47812886467.43,478.13,20
2026-05-25,688521.XSHG,芯原股份,6986326205.54,69.86,6986326205.54,69.86,20778146941.57,207.78,32730223228.2,327.3,49743086642.2,497.43,49743086642.2,497.43,20
2026-05-25,300857.XSHE,协创数据,6827354509.51,68.27,6827354509.51,68.27,18915728920.03,189.16,28089715897.39,280.9,42925076726.37,429.25,42925076726.37,429.25,20
2026-05-25,603083.XSHG,剑桥科技,6653010991.4,66.53,6653010991.4,66.53,20130919548.81,201.31,34503570987.3,345.04,57308974378.94,573.09,57308974378.94,573.09,20
2026-05-26,002938.XSHE,鹏鼎控股,11674328495.41,116.74,11674328495.41,116.74,25860007978.82,258.6,38762975354.92,387.63,53335078596.71,533.35,53335078596.71,533.35,20
2026-05-26,002185.XSHE,华天科技,11243290577.22,112.43,11243290577.22,112.43,55065914928.62,550.66,84242927825.99,842.43,107367474390.65,1073.67,107367474390.65,1073.67,20
2026-05-26,000636.XSHE,风华高科,11065089215.09,110.65,11065089215.09,110.65,27511673988.44,275.12,53506079732.75,535.06,76722030117.62,767.22,76722030117.62,767.22,20
2026-05-26,002008.XSHE,大族激光,9890017834.36,98.9,9890017834.36,98.9,22541691553.4,225.42,32849614753.48,328.5,44885211726.57,448.85,44885211726.57,448.85,20
2026-05-26,688183.XSHG,生益电子,9708664982.93,97.09,9708664982.93,97.09,25508764890.2,255.09,37039411480.94,370.39,46835543661.18,468.36,46835543661.18,468.36,20
2026-05-26,002916.XSHE,深南电路,9069491099.7,90.69,9069491099.7,90.69,22447250002.92,224.47,35217514963.21,352.18,49102802602.83,491.03,49102802602.83,491.03,20
2026-05-26,603005.XSHG,晶方科技,8972369923.75,89.72,8972369923.75,89.72,22359622536.87,223.6,31523707429.0,315.24,38130182545.03,381.3,38130182545.03,381.3,20
2026-05-26,301269.XSHE,华大九天,8677659667.88,86.78,8677659667.88,86.78,17874719889.65,178.75,24114005518.68,241.14,28585133228.33,285.85,28585133228.33,285.85,20
2026-05-26,300223.XSHE,北京君正,8527105494.11,85.27,8527105494.11,85.27,31199450235.48,311.99,46630980239.91,466.31,57610088601.07,576.1,57610088601.07,576.1,20
2026-05-26,600105.XSHG,永鼎股份,8369898476.58,83.7,8369898476.58,83.7,24738399274.34,247.38,39694888183.44,396.95,60934622919.85,609.35,60934622919.85,609.35,20
2026-05-26,600176.XSHG,中国巨石,8007205231.43,80.07,8007205231.43,80.07,20350904189.99,203.51,35910648296.83,359.11,49989678515.87,499.9,49989678515.87,499.9,20
2026-05-27,002241.XSHE,歌尔股份,11191682664.54,111.92,11191682664.54,111.92,25625004606.51,256.25,34305894225.52,343.06,39334928614.25,393.35,39334928614.25,393.35,20
2026-05-27,600519.XSHG,贵州茅台,10586574902.2,105.87,10586574902.2,105.87,26519438132.83,265.19,37030534505.09,370.31,43773737186.41,437.74,43773737186.41,437.74,20
2026-05-27,300475.XSHE,香农芯创,9006945912.38,90.07,9006945912.38,90.07,22027969147.3,220.28,33281602070.09,332.82,39226261405.68,392.26,39226261405.68,392.26,20
2026-05-27,688498.XSHG,源杰科技,8477486724.97,84.77,8477486724.97,84.77,21982292678.63,219.82,37487307796.92,374.87,48038847765.68,480.39,48038847765.68,480.39,20
2026-05-27,300433.XSHE,蓝思科技,8463095932.52,84.63,8463095932.52,84.63,24149862347.73,241.5,40390135248.48,403.9,52949996486.29,529.5,52949996486.29,529.5,20
2026-05-27,688313.XSHG,仕佳光子,7973951553.5,79.74,7973951553.5,79.74,17556831325.35,175.57,26265097381.06,262.65,34076978633.16,340.77,34076978633.16,340.77,20
2026-05-27,688635.XSHG,长进光子,7897987148.77,78.98,7897987148.77,78.98,17454925328.25,174.55,25170128257.76,251.7,29979109473.72,299.79,29979109473.72,299.79,20
2026-05-27,600330.XSHG,天通股份,7807108031.86,78.07,7807108031.86,78.07,21989802102.64,219.9,32851576847.7,328.52,39098641477.76,390.99,39098641477.76,390.99,20
2026-05-28,601991.XSHG,大唐发电,8502043938.44,85.02,8502043938.44,85.02,25650944269.07,256.51,45179449211.66,451.79,45179449211.66,451.79,45179449211.66,451.79,20
2026-05-28,000063.XSHE,中兴通讯,8163250331.56,81.63,8163250331.56,81.63,24081497437.69,240.81,39505713288.45,395.06,39505713288.45,395.06,39505713288.45,395.06,20
2026-05-28,300620.XSHE,光库科技,7871348510.53,78.71,7871348510.53,78.71,19848240977.14,198.48,37821563717.71,378.22,37821563717.71,378.22,37821563717.71,378.22,20
2026-05-28,002428.XSHE,云南锗业,7780544035.51,77.81,7780544035.51,77.81,27570790505.03,275.71,46218250557.16,462.18,46218250557.16,462.18,46218250557.16,462.18,20
2026-05-28,688126.XSHG,沪硅产业,7588390991.03,75.88,7588390991.03,75.88,17838936173.1,178.39,25503769735.82,255.04,25503769735.82,255.04,25503769735.82,255.04,20
2026-05-28,600460.XSHG,士兰微,7490590583.42,74.91,7490590583.42,74.91,18107850842.49,181.08,25252603169.33,252.53,25252603169.33,252.53,25252603169.33,252.53,20
2026-05-28,000657.XSHE,中钨高新,7407010187.35,74.07,7407010187.35,74.07,20315634368.64,203.16,34420519274.16,344.21,34420519274.16,344.21,34420519274.16,344.21,20
2026-05-28,600176.XSHG,中国巨石,7290062389.73,72.9,7290062389.73,72.9,22849806496.57,228.5,36928836715.61,369.29,36928836715.61,369.29,36928836715.61,369.29,20
2026-05-28,688048.XSHG,长光华芯,7184907688.47,71.85,7184907688.47,71.85,20581940922.85,205.82,32805834625.08,328.06,32805834625.08,328.06,32805834625.08,328.06,20
2026-05-29,002436.XSHE,兴森科技,10720578117.38,107.21,10720578117.38,107.21,29460646359.31,294.61,38713927940.67,387.14,38713927940.67,387.14,38713927940.67,387.14,20
2026-05-29,600519.XSHG,贵州茅台,10037388211.15,100.37,10037388211.15,100.37,20548484583.41,205.48,27291687264.73,272.92,27291687264.73,272.92,27291687264.73,272.92,20
2026-05-29,601869.XSHG,长飞光纤,9891327972.03,98.91,9891327972.03,98.91,24715264847.14,247.15,34099056715.6,340.99,34099056715.6,340.99,34099056715.6,340.99,20
2026-05-29,600105.XSHG,永鼎股份,9104762660.41,91.05,9104762660.41,91.05,24074458321.43,240.74,36196223645.51,361.96,36196223645.51,361.96,36196223645.51,361.96,20
2026-05-29,600030.XSHG,中信证券,8616487026.12,86.16,8616487026.12,86.16,18864734116.0,188.65,23560171355.49,235.6,23560171355.49,235.6,23560171355.49,235.6,20
2026-05-29,002484.XSHE,江海股份,8469622896.77,84.7,8469622896.77,84.7,20752839079.79,207.53,26062246136.58,260.62,26062246136.58,260.62,26062246136.58,260.62,20
2026-05-29,000977.XSHE,浪潮信息,8095973700.53,80.96,8095973700.53,80.96,19766951187.47,197.67,25830556215.19,258.31,25830556215.19,258.31,25830556215.19,258.31,20
2026-05-29,300058.XSHE,蓝色光标,8079931581.82,80.8,8079931581.82,80.8,26316244294.28,263.16,32117107536.18,321.17,32117107536.18,321.17,32117107536.18,321.17,20
2026-05-29,603083.XSHG,剑桥科技,8029047107.99,80.29,8029047107.99,80.29,21378807675.18,213.79,30834450499.63,308.34,30834450499.63,308.34,30834450499.63,308.34,20
2026-06-01,600176.XSHG,中国巨石,8382675211.43,83.83,8382675211.43,83.83,22461705430.47,224.62,22461705430.47,224.62,22461705430.47,224.62,22461705430.47,224.62,20
2026-06-01,300395.XSHE,菲利华,6771781732.3,67.72,6771781732.3,67.72,16298065230.81,162.98,16298065230.81,162.98,16298065230.81,162.98,16298065230.81,162.98,20
2026-06-01,600011.XSHG,华能国际,6614876203.63,66.15,6614876203.63,66.15,16495416122.1,164.95,16495416122.1,164.95,16495416122.1,164.95,16495416122.1,164.95,20
2026-06-01,002916.XSHE,深南电路,6423194047.04,64.23,6423194047.04,64.23,20308481686.66,203.08,20308481686.66,203.08,20308481686.66,203.08,20308481686.66,203.08,20
2026-06-01,688820.XSHG,盛合晶微,6366553003.84,63.67,6366553003.84,63.67,19028432491.48,190.28,19028432491.48,190.28,19028432491.48,190.28,19028432491.48,190.28,20
2026-06-02,601899.XSHG,紫金矿业,10347790078.09,103.48,10347790078.09,103.48,18301934041.79,183.02,18301934041.79,183.02,18301934041.79,183.02,18301934041.79,183.02,20
2026-06-02,688498.XSHG,源杰科技,9300037837.69,93.0,9300037837.69,93.0,19851577806.45,198.52,19851577806.45,198.52,19851577806.45,198.52,19851577806.45,198.52,20
2026-06-02,600105.XSHG,永鼎股份,9117969412.33,91.18,9117969412.33,91.18,21239734736.41,212.4,21239734736.41,212.4,21239734736.41,212.4,21239734736.41,212.4,20
2026-06-02,300620.XSHE,光库科技,8737358696.05,87.37,8737358696.05,87.37,17973322740.57,179.73,17973322740.57,179.73,17973322740.57,179.73,17973322740.57,179.73,20
2026-06-02,300285.XSHE,国瓷材料,8265864591.35,82.66,8265864591.35,82.66,16689360828.85,166.89,16689360828.85,166.89,16689360828.85,166.89,16689360828.85,166.89,20
2026-06-02,603629.XSHG,利通电子,8163078282.45,81.63,8163078282.45,81.63,15676449506.42,156.76,15676449506.42,156.76,15676449506.42,156.76,15676449506.42,156.76,20
2026-06-02,002938.XSHE,鹏鼎控股,7861521933.16,78.62,7861521933.16,78.62,14572103241.79,145.72,14572103241.79,145.72,14572103241.79,145.72,14572103241.79,145.72,20
2026-06-02,603993.XSHG,洛阳钼业,6789919580.24,67.9,6789919580.24,67.9,12589425622.37,125.89,12589425622.37,125.89,12589425622.37,125.89,12589425622.37,125.89,20
2026-06-02,000338.XSHE,潍柴动力,6707391063.5,67.07,6707391063.5,67.07,9879994614.44,98.8,9879994614.44,98.8,9879994614.44,98.8,9879994614.44,98.8,20
2026-06-02,603296.XSHG,华勤技术,6685616758.59,66.86,6685616758.59,66.86,12178309347.49,121.78,12178309347.49,121.78,12178309347.49,121.78,12178309347.49,121.78,20
2026-06-03,000100.XSHE,TCL科技,11497207558.86,114.97,11497207558.86,114.97,11497207558.86,114.97,11497207558.86,114.97,11497207558.86,114.97,11497207558.86,114.97,20
2026-06-03,002851.XSHE,麦格米特,10586446943.21,105.86,10586446943.21,105.86,10586446943.21,105.86,10586446943.21,105.86,10586446943.21,105.86,10586446943.21,105.86,20
2026-06-03,603083.XSHG,剑桥科技,9455642824.45,94.56,9455642824.45,94.56,9455642824.45,94.56,9455642824.45,94.56,9455642824.45,94.56,9455642824.45,94.56,20
2026-06-03,000063.XSHE,中兴通讯,9078990249.8,90.79,9078990249.8,90.79,9078990249.8,90.79,9078990249.8,90.79,9078990249.8,90.79,9078990249.8,90.79,20
2026-06-03,000657.XSHE,中钨高新,8723599980.32,87.24,8723599980.32,87.24,8723599980.32,87.24,8723599980.32,87.24,8723599980.32,87.24,8723599980.32,87.24,20
2026-06-03,002916.XSHE,深南电路,8252182501.7,82.52,8252182501.7,82.52,8252182501.7,82.52,8252182501.7,82.52,8252182501.7,82.52,8252182501.7,82.52,20
2026-06-03,601208.XSHG,东材科技,7907496125.84,79.07,7907496125.84,79.07,7907496125.84,79.07,7907496125.84,79.07,7907496125.84,79.07,7907496125.84,79.07,20
2026-06-03,600549.XSHG,厦门钨业,7830939512.01,78.31,7830939512.01,78.31,7830939512.01,78.31,7830939512.01,78.31,7830939512.01,78.31,7830939512.01,78.31,20
2026-06-03,688313.XSHG,仕佳光子,7811881252.1,78.12,7811881252.1,78.12,7811881252.1,78.12,7811881252.1,78.12,7811881252.1,78.12,7811881252.1,78.12,20
