add_date,stock,name,industry,open,close,today_pct,open1,close1,today_pct1,open2,close2,today_pct2,open3,close3,today_pct3,open4,close4,today_pct4,open5,close5,today_pct5,open6,close6,today_pct6,open7,close7,today_pct7,open8,close8,today_pct8,open9,close9,today_pct9,open10,close10,today_pct10
2026-03-24,600703.XSHG,三安光电,电子I,14.0,13.85,-0.01,13.63,13.96,0.02,13.95,12.91,-0.07,12.51,12.56,0.0,11.93,12.17,0.02,12.17,11.67,-0.04,11.89,11.85,-0.0,11.81,11.4,-0.03,11.5,11.65,0.01,11.73,12.02,0.02,12.3,12.41,0.01
2026-03-24,600096.XSHG,云天化,化工I,34.56,33.31,-0.04,32.94,33.34,0.01,33.3,32.79,-0.02,32.31,33.57,0.04,33.58,33.76,0.01,33.72,32.23,-0.04,32.62,32.33,-0.01,32.13,31.53,-0.02,31.58,30.35,-0.04,30.35,31.47,0.04,31.46,32.22,0.02
2026-03-24,600930.XSHG,华电新能,公用事业I,6.95,7.19,0.03,7.1,7.42,0.05,7.29,7.23,-0.01,6.99,6.78,-0.03,6.68,6.41,-0.04,6.36,6.28,-0.01,6.33,6.24,-0.01,6.24,6.13,-0.02,6.12,6.0,-0.02,6.0,6.04,0.01,6.07,6.15,0.01
2026-03-24,601872.XSHG,招商轮船,交通运输I,17.45,18.1,0.04,18.41,17.41,-0.05,17.2,16.69,-0.03,16.72,17.1,0.02,17.02,17.03,0.0,17.32,16.36,-0.06,16.68,18.0,0.08,18.15,19.47,0.07,20.05,20.39,0.02,20.76,20.26,-0.02,19.19,20.16,0.05
2026-03-24,688041.XSHG,海光信息,电子I,210.69,213.27,0.01,214.45,217.4,0.01,223.33,218.7,-0.02,214.6,220.95,0.03,218.6,215.73,-0.01,214.56,210.26,-0.02,217.1,220.31,0.01,219.0,213.0,-0.03,214.07,213.77,-0.0,214.0,217.54,0.02,226.1,228.5,0.01
2026-03-24,002714.XSHE,牧原股份,农林牧渔I,45.2,43.5,-0.04,43.12,44.52,0.03,44.33,44.0,-0.01,43.73,45.2,0.03,44.78,43.23,-0.03,43.13,41.71,-0.03,41.95,42.2,0.01,42.21,43.65,0.03,43.43,42.9,-0.01,42.92,43.45,0.01,43.7,44.34,0.01
2026-03-24,000792.XSHE,盐湖股份,化工I,35.48,36.41,0.03,37.3,36.77,-0.01,36.61,36.85,0.01,36.33,39.45,0.09,39.58,39.06,-0.01,37.25,37.0,-0.01,37.15,36.23,-0.02,36.1,36.68,0.02,36.68,36.25,-0.01,36.35,36.43,0.0,36.0,37.25,0.03
2026-03-24,000815.XSHE,美利云,计算机I,19.41,20.56,0.06,20.81,21.29,0.02,20.6,20.12,-0.02,19.23,20.29,0.06,19.55,20.03,0.02,19.7,18.82,-0.04,19.33,20.7,0.07,20.44,19.66,-0.04,20.25,19.37,-0.04,18.56,19.06,0.03,19.64,20.31,0.03
2026-03-24,000547.XSHE,航天发展,国防军工I,26.88,26.93,0.0,26.7,27.07,0.01,27.52,28.15,0.02,27.02,27.36,0.01,27.1,28.68,0.06,28.67,28.46,-0.01,28.46,27.84,-0.02,27.79,27.03,-0.03,27.19,25.78,-0.05,25.77,25.93,0.01,26.61,27.6,0.04
2026-03-24,601016.XSHG,节能风电,公用事业I,4.52,4.91,0.09,4.98,5.4,0.08,5.4,5.31,-0.02,5.11,4.93,-0.04,4.88,4.6,-0.06,4.54,4.28,-0.06,4.36,4.26,-0.02,4.23,4.03,-0.05,4.02,3.81,-0.05,3.8,4.04,0.06,4.06,4.1,0.01
2026-03-24,688521.XSHG,芯原股份,电子I,194.9,205.88,0.06,208.2,214.8,0.03,218.1,213.35,-0.02,208.0,215.53,0.04,208.0,212.3,0.02,210.51,202.3,-0.04,213.0,223.0,0.05,219.92,219.0,-0.0,224.0,224.8,0.0,230.4,230.55,0.0,243.0,240.72,-0.01
2026-03-24,603259.XSHG,药明康德,医药生物I,90.0,93.68,0.04,94.63,94.02,-0.01,94.45,94.73,0.0,93.9,97.0,0.03,95.9,96.61,0.01,96.75,98.1,0.01,100.06,103.81,0.04,103.0,103.19,0.0,100.7,99.99,-0.01,100.02,101.3,0.01,104.0,103.74,-0.0
2026-03-24,600988.XSHG,赤峰黄金,有色金属I,35.52,36.12,0.02,37.01,38.33,0.04,38.32,37.3,-0.03,36.65,39.8,0.09,39.81,42.94,0.08,43.0,43.15,0.0,44.5,45.35,0.02,45.0,45.0,0.0,44.93,45.25,0.01,44.6,43.69,-0.02,46.18,47.36,0.03
2026-03-24,601869.XSHG,长飞光纤,通信I,216.34,233.31,0.08,246.0,256.64,0.04,258.44,268.88,0.04,258.0,274.26,0.06,269.28,301.69,0.12,300.0,309.49,0.03,320.0,308.0,-0.04,304.9,332.49,0.09,339.13,352.5,0.04,351.5,357.1,0.02,362.2,362.1,-0.0
2026-03-25,002309.XSHE,中利集团,电气设备I,4.83,5.07,0.05,4.81,4.74,-0.01,4.53,4.33,-0.04,4.26,4.76,0.12,4.8,4.94,0.03,4.74,4.53,-0.04,4.55,4.98,0.09,4.85,5.03,0.04,5.03,5.23,0.04,5.06,5.03,-0.01,4.91,4.76,-0.03
2026-03-25,600522.XSHG,中天科技,通信I,27.0,27.67,0.02,27.3,26.77,-0.02,26.25,27.05,0.03,26.65,28.99,0.09,28.86,30.09,0.04,30.99,29.16,-0.06,29.15,29.32,0.01,29.46,30.67,0.04,30.82,30.25,-0.02,30.98,30.7,-0.01,30.28,31.4,0.04
2026-03-25,002428.XSHE,云南锗业,有色金属I,48.0,48.43,0.01,48.2,46.69,-0.03,44.88,51.36,0.14,51.36,52.35,0.02,52.0,48.91,-0.06,51.21,49.9,-0.03,48.01,47.5,-0.01,49.06,51.71,0.05,51.91,52.76,0.02,54.0,54.25,0.0,53.8,55.59,0.03
2026-03-25,300383.XSHE,光环新网,通信I,16.01,18.23,0.14,17.69,17.08,-0.03,17.5,17.33,-0.01,17.04,17.61,0.03,17.64,17.12,-0.03,18.0,17.65,-0.02,17.36,16.28,-0.06,16.94,16.88,-0.0,16.89,16.38,-0.03,17.19,17.8,0.04,17.51,17.48,-0.0
2026-03-25,002281.XSHE,光迅科技,通信I,82.88,86.45,0.04,84.77,85.0,0.0,83.56,84.5,0.01,83.69,88.1,0.05,87.18,84.3,-0.03,86.6,86.98,0.0,85.81,83.9,-0.02,85.02,90.39,0.06,92.0,92.36,0.0,95.6,98.26,0.03,96.13,108.09,0.12
2026-03-25,600111.XSHG,北方稀土,有色金属I,46.1,47.82,0.04,47.35,46.21,-0.02,45.26,47.27,0.04,46.6,47.11,0.01,47.11,47.68,0.01,48.49,48.48,-0.0,48.0,47.58,-0.01,47.58,47.61,0.0,47.62,49.89,0.05,50.81,51.7,0.02,51.0,51.8,0.02
2026-03-25,600549.XSHG,厦门钨业,有色金属I,58.14,58.36,0.0,60.99,57.51,-0.06,55.8,58.74,0.05,58.55,57.2,-0.02,57.35,55.62,-0.03,57.01,56.0,-0.02,55.0,53.37,-0.03,53.36,53.19,-0.0,53.25,54.33,0.02,56.0,57.96,0.04,56.97,58.39,0.02
2026-03-25,600989.XSHG,宝丰能源,化工I,29.48,29.93,0.02,29.93,29.38,-0.02,29.41,29.68,0.01,30.77,29.73,-0.03,29.57,28.65,-0.03,28.65,28.35,-0.01,28.51,28.95,0.02,28.95,28.21,-0.03,28.66,30.33,0.06,27.85,28.18,0.01,28.6,29.22,0.02
2026-03-25,600157.XSHG,永泰能源,煤炭I,1.87,1.98,0.06,1.97,1.95,-0.01,1.93,1.97,0.02,1.97,1.88,-0.05,1.86,1.8,-0.03,1.82,1.81,-0.01,1.81,1.77,-0.02,1.78,1.72,-0.03,1.71,1.75,0.02,1.76,1.78,0.01,1.77,1.73,-0.02
2026-03-25,300442.XSHE,润泽科技,通信I,85.6,87.65,0.02,86.78,84.28,-0.03,83.52,83.45,-0.0,81.5,82.8,0.02,82.62,80.8,-0.02,83.38,84.54,0.01,84.0,80.27,-0.04,81.79,81.0,-0.01,80.96,79.51,-0.02,83.1,86.91,0.05,85.5,87.29,0.02
2026-03-25,600498.XSHG,烽火通信,通信I,45.9,46.95,0.02,46.96,45.42,-0.03,44.39,45.98,0.04,44.99,48.8,0.08,47.6,50.48,0.06,52.33,48.86,-0.07,48.19,47.82,-0.01,48.81,49.16,0.01,48.99,48.81,-0.0,50.1,51.25,0.02,51.2,54.95,0.07
2026-03-25,300017.XSHE,网宿科技,计算机I,17.25,18.14,0.05,18.22,17.5,-0.04,17.31,17.43,0.01,17.06,17.5,0.03,17.31,16.9,-0.02,17.61,17.73,0.01,17.46,16.55,-0.05,16.88,16.55,-0.02,16.49,16.05,-0.03,16.91,18.42,0.09,17.7,17.95,0.01
2026-03-26,600703.XSHG,三安光电,电子I,13.95,12.91,-0.07,12.51,12.56,0.0,11.93,12.17,0.02,12.17,11.67,-0.04,11.89,11.85,-0.0,11.81,11.4,-0.03,11.5,11.65,0.01,11.73,12.02,0.02,12.3,12.41,0.01,11.7,11.84,0.01,11.85,11.94,0.01
2026-03-26,002050.XSHE,三花智控,家用电器I,44.0,43.87,-0.0,43.0,43.35,0.01,42.63,43.03,0.01,43.06,42.53,-0.01,43.34,43.59,0.01,43.3,42.81,-0.01,43.0,41.9,-0.03,41.9,41.77,-0.0,43.0,44.28,0.03,43.67,43.78,0.0,44.21,44.87,0.01
2026-03-26,300827.XSHE,上能电气,电气设备I,43.46,44.92,0.03,43.58,43.08,-0.01,44.07,42.0,-0.05,41.49,38.88,-0.06,39.88,39.68,-0.01,39.0,37.55,-0.04,37.38,35.0,-0.06,34.6,35.18,0.02,35.79,36.37,0.02,35.81,37.64,0.05,37.77,37.77,0.0
2026-03-26,300059.XSHE,东方财富,非银金融I,19.71,19.03,-0.03,18.84,19.11,0.01,18.83,18.98,0.01,18.98,18.8,-0.01,19.1,19.09,-0.0,19.02,18.66,-0.02,18.73,18.39,-0.02,18.42,18.36,-0.0,18.81,19.39,0.03,19.05,18.86,-0.01,19.12,19.66,0.03
2026-03-26,601318.XSHG,中国平安,非银金融I,58.78,56.8,-0.03,56.86,56.95,0.0,56.34,56.33,-0.0,56.29,56.78,0.01,57.58,58.18,0.01,58.0,57.26,-0.01,57.58,57.25,-0.01,57.3,56.69,-0.01,58.0,59.45,0.03,59.0,58.74,-0.0,59.0,58.82,-0.0
2026-03-26,300136.XSHE,信维通信,电子I,65.6,64.29,-0.02,61.7,62.57,0.01,61.3,64.32,0.05,64.13,64.96,0.01,66.0,63.05,-0.04,62.73,61.52,-0.02,63.38,61.77,-0.03,62.33,60.68,-0.03,62.56,65.88,0.05,64.3,63.95,-0.01,64.0,63.99,-0.0
2026-03-26,603601.XSHG,再升科技,建筑材料I,13.44,13.44,0.0,12.9,13.18,0.02,13.13,14.5,0.1,14.5,15.49,0.07,15.49,14.87,-0.04,15.15,14.1,-0.07,14.43,14.0,-0.03,13.8,13.77,-0.0,14.01,14.26,0.02,13.77,13.61,-0.01,13.61,13.31,-0.02
2026-03-26,002709.XSHE,天赐材料,电气设备I,42.8,44.24,0.03,43.66,45.85,0.05,46.97,47.9,0.02,47.24,45.75,-0.03,46.25,45.5,-0.02,44.87,44.56,-0.01,44.82,43.24,-0.04,43.42,43.46,0.0,44.04,44.73,0.02,44.56,43.65,-0.02,44.01,46.46,0.06
2026-03-26,600666.XSHG,奥瑞德,电子I,5.81,5.53,-0.05,5.32,6.08,0.14,5.8,6.24,0.08,6.02,5.7,-0.05,5.92,6.27,0.06,6.27,6.17,-0.02,6.21,5.88,-0.05,5.7,5.91,0.04,6.18,6.5,0.05,7.15,6.56,-0.08,6.56,6.3,-0.04
2026-03-26,688498.XSHG,源杰科技,电子I,771.56,786.62,0.02,742.62,759.09,0.02,745.21,732.79,-0.02,707.26,693.77,-0.02,724.51,731.41,0.01,724.51,713.47,-0.02,734.88,748.66,0.02,738.31,743.14,0.01,784.41,784.54,0.0,779.71,778.46,-0.0,779.02,845.29,0.09
2026-03-26,603659.XSHG,璞泰来,电气设备I,32.09,33.95,0.06,33.29,34.08,0.02,33.38,33.39,0.0,33.39,31.77,-0.05,32.4,31.32,-0.03,31.0,31.0,0.0,30.76,29.7,-0.03,30.14,30.07,-0.0,30.8,31.3,0.02,31.25,31.71,0.01,31.79,33.43,0.05
2026-03-26,300757.XSHE,罗博特科,机械设备I,400.02,382.41,-0.04,376.87,402.38,0.07,399.11,387.58,-0.03,381.0,380.61,-0.0,396.0,393.8,-0.01,393.81,390.5,-0.01,408.0,434.0,0.06,433.51,436.0,0.01,450.0,475.28,0.06,478.0,488.25,0.02,497.52,494.0,-0.01
2026-03-26,601016.XSHG,节能风电,公用事业I,5.4,5.31,-0.02,5.11,4.93,-0.04,4.88,4.6,-0.06,4.54,4.28,-0.06,4.36,4.26,-0.02,4.23,4.03,-0.05,4.02,3.81,-0.05,3.8,4.04,0.06,4.06,4.1,0.01,4.07,4.02,-0.01,4.05,3.97,-0.02
2026-03-26,002149.XSHE,西部材料,有色金属I,43.74,46.74,0.07,44.5,49.45,0.11,48.35,53.15,0.1,52.5,51.54,-0.02,51.55,50.06,-0.03,49.66,49.15,-0.01,49.8,47.1,-0.05,47.5,45.38,-0.04,46.25,48.19,0.04,47.0,46.59,-0.01,46.61,45.65,-0.02
2026-03-26,002460.XSHE,赣锋锂业,有色金属I,70.37,72.43,0.03,71.49,79.67,0.11,81.0,80.15,-0.01,79.7,78.38,-0.02,79.1,77.31,-0.02,77.3,79.93,0.03,79.94,79.75,-0.0,80.0,78.96,-0.01,77.82,82.01,0.05,82.3,81.01,-0.02,81.74,83.98,0.03
2026-03-26,300475.XSHE,香农芯创,电子I,143.0,147.19,0.03,140.0,143.96,0.03,140.06,137.1,-0.02,133.34,125.63,-0.06,132.82,128.08,-0.04,129.01,125.5,-0.03,128.0,121.98,-0.05,123.5,123.48,-0.0,145.71,148.18,0.02,149.57,147.55,-0.01,150.0,151.25,0.01
2026-03-27,000617.XSHE,中油资本,非银金融I,10.53,10.64,0.01,10.72,10.21,-0.05,10.06,10.2,0.01,10.1,9.89,-0.02,9.82,9.92,0.01,10.91,10.7,-0.02,10.72,11.53,0.08,10.81,10.39,-0.04,10.55,10.39,-0.02,10.2,10.26,0.01,10.28,10.08,-0.02
2026-03-27,002428.XSHE,云南锗业,有色金属I,44.88,51.36,0.14,51.36,52.35,0.02,52.0,48.91,-0.06,51.21,49.9,-0.03,48.01,47.5,-0.01,49.06,51.71,0.05,51.91,52.76,0.02,54.0,54.25,0.0,53.8,55.59,0.03,58.29,56.79,-0.03,57.11,55.13,-0.03
2026-03-27,300620.XSHE,光库科技,通信I,174.87,194.32,0.11,188.59,188.36,-0.0,185.08,177.9,-0.04,184.82,186.85,0.01,189.85,199.92,0.05,204.85,222.79,0.09,222.08,219.14,-0.01,230.83,221.85,-0.04,217.87,230.94,0.06,230.94,232.7,0.01,226.51,226.58,0.0
2026-03-27,002131.XSHE,利欧股份,机械设备I,7.39,7.74,0.05,7.59,7.73,0.02,7.67,7.81,0.02,7.84,7.73,-0.01,7.71,7.45,-0.03,7.44,7.12,-0.04,7.19,7.23,0.01,7.42,7.95,0.07,8.03,8.0,-0.0,8.01,7.99,-0.0,7.91,8.05,0.02
2026-03-27,603799.XSHG,华友钴业,有色金属I,56.75,59.39,0.05,58.49,59.24,0.01,59.06,58.23,-0.01,59.39,59.78,0.01,59.29,58.47,-0.01,58.48,56.93,-0.03,56.91,57.38,0.01,59.37,60.57,0.02,59.99,58.99,-0.02,59.38,60.9,0.03,60.3,61.89,0.03
2026-03-27,300390.XSHE,天华新能,电气设备I,57.12,64.01,0.12,64.0,62.67,-0.02,61.85,58.5,-0.05,58.74,58.2,-0.01,57.96,59.35,0.02,58.59,58.15,-0.01,59.2,56.98,-0.04,57.01,57.02,0.0,65.0,62.0,-0.05,62.37,68.3,0.1,69.36,80.2,0.16
2026-03-27,002466.XSHE,天齐锂业,有色金属I,53.61,57.96,0.08,58.02,57.24,-0.01,57.1,55.48,-0.03,55.98,55.45,-0.01,55.45,56.17,0.01,55.96,55.44,-0.01,55.7,56.7,0.02,56.18,58.27,0.04,58.13,57.65,-0.01,58.0,59.64,0.03,59.43,62.1,0.04
2026-03-27,600276.XSHG,恒瑞医药,医药生物I,51.3,55.18,0.08,54.73,55.76,0.02,55.86,55.22,-0.01,56.03,57.73,0.03,57.74,57.37,-0.01,56.98,56.38,-0.01,56.51,56.12,-0.01,57.01,57.45,0.01,56.92,56.96,0.0,57.5,57.06,-0.01,56.6,55.2,-0.02
2026-03-27,603993.XSHG,洛阳钼业,有色金属I,17.22,17.58,0.02,17.25,17.43,0.01,17.66,17.15,-0.03,17.9,18.24,0.02,18.12,17.71,-0.02,17.71,17.52,-0.01,17.56,17.6,0.0,18.49,19.14,0.04,18.7,19.12,0.02,19.39,18.96,-0.02,18.68,18.86,0.01
2026-03-27,000338.XSHE,潍柴动力,汽车I,21.5,23.5,0.09,22.78,24.43,0.07,24.32,24.24,-0.0,25.0,25.3,0.01,25.4,25.35,-0.0,25.39,25.1,-0.01,25.1,23.88,-0.05,25.36,25.4,0.0,25.0,25.98,0.04,26.55,27.0,0.02,26.3,26.88,0.02
2026-03-27,000792.XSHE,盐湖股份,化工I,36.33,39.45,0.09,39.58,39.06,-0.01,37.25,37.0,-0.01,37.15,36.23,-0.02,36.1,36.68,0.02,36.68,36.25,-0.01,36.35,36.43,0.0,36.0,37.25,0.03,36.95,37.4,0.01,37.6,37.41,-0.01,37.4,38.56,0.03
2026-03-27,603259.XSHG,药明康德,医药生物I,93.9,97.0,0.03,95.9,96.61,0.01,96.75,98.1,0.01,100.06,103.81,0.04,103.0,103.19,0.0,100.7,99.99,-0.01,100.02,101.3,0.01,104.0,103.74,-0.0,103.73,106.19,0.02,106.0,106.33,0.0,105.8,105.71,-0.0
2026-03-27,600519.XSHG,贵州茅台,食品饮料I,1400.0,1416.02,0.01,1407.0,1420.0,0.01,1468.0,1450.0,-0.01,1464.49,1459.44,-0.0,1459.44,1459.88,0.0,1459.54,1460.0,0.0,1460.05,1440.02,-0.01,1460.0,1465.02,0.0,1465.02,1460.49,-0.0,1459.14,1453.96,-0.0,1444.0,1443.31,-0.0
2026-03-27,300054.XSHE,鼎龙股份,电子I,47.92,53.07,0.11,52.27,52.0,-0.01,52.02,49.3,-0.05,50.44,48.7,-0.03,49.0,47.53,-0.03,47.96,49.75,0.04,50.5,49.5,-0.02,51.27,51.77,0.01,51.49,52.35,0.02,52.75,52.01,-0.01,52.0,51.68,-0.01
2026-03-30,002309.XSHE,中利集团,电气设备I,4.26,4.76,0.12,4.8,4.94,0.03,4.74,4.53,-0.04,4.55,4.98,0.09,4.85,5.03,0.04,5.03,5.23,0.04,5.06,5.03,-0.01,4.91,4.76,-0.03,4.63,4.4,-0.05,4.39,4.45,0.01,4.41,4.24,-0.04
2026-03-30,601600.XSHG,中国铝业,有色金属I,12.0,11.97,-0.0,11.98,11.4,-0.05,11.63,11.56,-0.01,11.75,11.68,-0.01,11.6,11.21,-0.03,11.3,11.39,0.01,11.76,12.23,0.04,12.15,12.77,0.05,12.69,12.35,-0.03,12.21,12.16,-0.0,12.5,12.46,-0.0
2026-03-30,600522.XSHG,中天科技,通信I,26.65,28.99,0.09,28.86,30.09,0.04,30.99,29.16,-0.06,29.15,29.32,0.01,29.46,30.67,0.04,30.82,30.25,-0.02,30.98,30.7,-0.01,30.28,31.4,0.04,31.38,29.8,-0.05,29.41,28.52,-0.03,28.8,28.33,-0.02
2026-03-30,002432.XSHE,九安医疗,医药生物I,67.95,75.5,0.11,75.5,73.58,-0.03,76.88,80.94,0.05,82.5,81.15,-0.02,80.0,81.13,0.01,82.1,82.86,0.01,84.43,87.59,0.04,86.74,88.01,0.01,89.18,92.75,0.04,91.0,85.93,-0.06,84.57,77.8,-0.08
2026-03-30,002281.XSHE,光迅科技,通信I,83.69,88.1,0.05,87.18,84.3,-0.03,86.6,86.98,0.0,85.81,83.9,-0.02,85.02,90.39,0.06,92.0,92.36,0.0,95.6,98.26,0.03,96.13,108.09,0.12,111.72,107.82,-0.03,107.29,113.73,0.06,113.5,111.4,-0.02
2026-03-30,002506.XSHE,协鑫集成,电气设备I,5.24,5.06,-0.03,5.0,4.75,-0.05,4.84,4.82,-0.0,4.7,4.52,-0.04,4.48,4.21,-0.06,4.3,4.38,0.02,4.54,4.52,-0.0,4.49,4.4,-0.02,4.45,4.44,-0.0,4.4,4.56,0.04,4.57,4.43,-0.03
2026-03-30,000592.XSHE,平潭发展,农林牧渔I,10.4,11.62,0.12,12.06,12.78,0.06,12.72,12.02,-0.06,12.38,12.57,0.02,12.31,11.68,-0.05,11.81,12.06,0.02,12.01,12.33,0.03,12.23,11.91,-0.03,11.91,11.43,-0.04,12.15,11.69,-0.04,11.32,11.3,-0.0
2026-03-30,600105.XSHG,永鼎股份,通信I,25.0,27.69,0.11,27.13,27.74,0.02,28.5,30.51,0.07,30.3,30.29,-0.0,31.03,30.98,-0.0,30.98,30.21,-0.02,31.59,33.23,0.05,33.95,34.64,0.02,34.65,38.1,0.1,37.87,38.7,0.02,38.1,37.18,-0.02
2026-03-30,301308.XSHE,江波龙,电子I,310.24,315.0,0.02,302.0,297.08,-0.02,319.0,299.11,-0.06,300.4,289.44,-0.04,291.5,285.57,-0.02,290.82,297.5,0.02,318.11,323.92,0.02,316.75,325.5,0.03,333.0,341.3,0.02,340.16,354.5,0.04,357.91,381.51,0.07
2026-03-30,688498.XSHG,源杰科技,电子I,745.21,732.79,-0.02,707.26,693.77,-0.02,724.51,731.41,0.01,724.51,713.47,-0.02,734.88,748.66,0.02,738.31,743.14,0.01,784.41,784.54,0.0,779.71,778.46,-0.0,779.02,845.29,0.09,834.92,873.56,0.05,872.87,863.54,-0.01
2026-03-30,600498.XSHG,烽火通信,通信I,44.99,48.8,0.08,47.6,50.48,0.06,52.33,48.86,-0.07,48.19,47.82,-0.01,48.81,49.16,0.01,48.99,48.81,-0.0,50.1,51.25,0.02,51.2,54.95,0.07,54.8,52.4,-0.04,51.3,50.17,-0.02,50.55,50.78,0.0
2026-03-30,002192.XSHE,融捷股份,有色金属I,83.35,81.98,-0.02,82.24,76.28,-0.07,75.0,70.63,-0.06,70.67,72.32,0.02,73.2,71.29,-0.03,71.43,71.28,-0.0,69.92,71.68,0.03,71.96,73.05,0.02,73.0,73.17,0.0,72.93,78.32,0.07,77.54,79.5,0.03
2026-03-30,300751.XSHE,迈为股份,电气设备I,260.09,230.53,-0.11,230.53,228.7,-0.01,235.58,236.6,0.0,231.02,229.42,-0.01,229.0,220.01,-0.04,220.48,213.64,-0.03,218.79,228.2,0.04,221.36,213.0,-0.04,210.91,219.58,0.04,215.63,213.1,-0.01,213.5,215.8,0.01
2026-03-30,300548.XSHE,长芯博创,通信I,146.71,159.31,0.09,156.03,153.15,-0.02,158.82,159.43,0.0,157.12,157.88,0.0,161.3,165.18,0.02,169.05,181.1,0.07,190.0,206.39,0.09,200.11,231.86,0.16,229.96,223.8,-0.03,223.32,225.0,0.01,229.0,231.37,0.01
2026-03-30,601012.XSHG,隆基绿能,电气设备I,18.4,17.96,-0.02,17.9,17.54,-0.02,17.72,17.89,0.01,17.8,17.36,-0.02,17.3,16.66,-0.04,16.66,16.7,0.0,16.92,17.32,0.02,17.06,16.92,-0.01,17.06,17.12,0.0,17.0,17.68,0.04,17.59,17.55,-0.0
2026-03-31,600118.XSHG,中国卫星,国防军工I,81.11,81.86,0.01,83.0,79.94,-0.04,79.95,78.29,-0.02,79.4,76.85,-0.03,76.91,75.4,-0.02,76.9,80.81,0.05,79.21,79.13,-0.0,79.5,78.92,-0.01,78.49,80.5,0.03,80.99,84.39,0.04,85.02,86.28,0.01
2026-03-31,002131.XSHE,利欧股份,机械设备I,7.67,7.81,0.02,7.84,7.73,-0.01,7.71,7.45,-0.03,7.44,7.12,-0.04,7.19,7.23,0.01,7.42,7.95,0.07,8.03,8.0,-0.0,8.01,7.99,-0.0,7.91,8.05,0.02,8.17,8.12,-0.01,8.12,7.82,-0.04
2026-03-31,601138.XSHG,工业富联,电子I,49.0,51.46,0.05,53.0,53.32,0.01,52.66,52.0,-0.01,52.6,52.18,-0.01,52.98,52.58,-0.01,54.16,56.61,0.05,55.0,55.02,0.0,55.6,56.52,0.02,56.0,55.7,-0.01,56.47,58.92,0.04,59.36,57.82,-0.03
2026-03-31,603618.XSHG,杭电股份,电气设备I,27.0,28.49,0.06,28.99,28.38,-0.02,28.72,27.88,-0.03,28.69,27.65,-0.04,27.65,26.89,-0.03,27.01,25.98,-0.04,25.87,26.36,0.02,26.63,24.12,-0.09,24.12,23.64,-0.02,23.93,22.2,-0.07,22.07,21.62,-0.02
2026-03-31,002463.XSHE,沪电股份,电子I,78.43,75.62,-0.04,78.14,78.92,0.01,78.63,75.92,-0.03,77.03,75.97,-0.01,76.16,76.08,-0.0,78.93,83.68,0.06,84.29,85.44,0.01,86.16,87.91,0.02,86.1,88.26,0.03,91.26,97.09,0.06,98.14,92.35,-0.06
2026-03-31,688008.XSHG,澜起科技,电子I,130.0,125.28,-0.04,130.0,129.97,-0.0,131.6,129.0,-0.02,130.71,127.26,-0.03,128.97,127.9,-0.01,133.67,139.21,0.04,137.52,139.17,0.01,143.0,143.53,0.0,142.4,152.3,0.07,157.5,153.36,-0.03,156.0,147.18,-0.06
2026-03-31,600089.XSHG,特变电工,电气设备I,27.77,26.5,-0.05,26.98,26.78,-0.01,26.82,26.17,-0.02,26.21,25.5,-0.03,25.5,25.35,-0.01,26.0,26.92,0.04,26.6,26.73,0.0,26.99,27.09,0.0,26.74,26.92,0.01,27.26,27.48,0.01,27.75,28.22,0.02
2026-03-31,000333.XSHE,美的集团,家用电器I,75.05,76.35,0.02,76.5,76.84,0.0,76.85,77.37,0.01,77.3,76.35,-0.01,76.35,76.12,-0.0,76.95,76.73,-0.0,76.4,76.52,0.0,76.52,76.41,-0.0,76.03,75.78,-0.0,76.06,76.55,0.01,76.55,77.49,0.01
2026-03-31,600343.XSHG,航天动力,机械设备I,32.58,34.38,0.06,34.35,33.21,-0.03,32.94,32.36,-0.02,32.5,31.41,-0.03,31.15,31.43,0.01,32.1,33.03,0.03,32.32,32.58,0.01,32.8,32.0,-0.02,31.99,31.81,-0.01,31.9,33.97,0.06,33.97,34.93,0.03
2026-03-31,600879.XSHG,航天电子,国防军工I,21.92,22.24,0.01,22.65,21.75,-0.04,21.58,21.05,-0.02,21.35,20.57,-0.04,20.89,20.36,-0.03,20.71,21.5,0.04,21.29,21.56,0.01,21.79,21.33,-0.02,21.22,21.39,0.01,21.55,22.51,0.04,22.77,23.2,0.02
2026-03-31,002837.XSHE,英维克,机械设备I,88.89,84.35,-0.05,86.9,87.18,0.0,86.08,82.77,-0.04,84.01,83.63,-0.0,84.01,84.84,0.01,88.88,91.5,0.03,90.0,93.09,0.03,94.95,99.05,0.04,99.06,102.86,0.04,103.16,109.79,0.06,110.01,105.31,-0.04
2026-03-31,603259.XSHG,药明康德,医药生物I,96.75,98.1,0.01,100.06,103.81,0.04,103.0,103.19,0.0,100.7,99.99,-0.01,100.02,101.3,0.01,104.0,103.74,-0.0,103.73,106.19,0.02,106.0,106.33,0.0,105.8,105.71,-0.0,106.71,106.55,-0.0,108.3,106.83,-0.01
2026-03-31,300058.XSHE,蓝色光标,传媒I,14.34,14.8,0.03,15.15,14.59,-0.04,14.4,13.86,-0.04,13.97,13.37,-0.04,13.58,13.59,0.0,14.16,16.31,0.15,16.4,16.66,0.02,16.67,16.49,-0.01,16.16,16.54,0.02,16.93,17.27,0.02,17.13,16.43,-0.04
2026-03-31,300475.XSHE,香农芯创,电子I,133.34,125.63,-0.06,132.82,128.08,-0.04,129.01,125.5,-0.03,128.0,121.98,-0.05,123.5,123.48,-0.0,145.71,148.18,0.02,149.57,147.55,-0.01,150.0,151.25,0.01,148.51,152.0,0.02,155.3,158.58,0.02,160.0,153.94,-0.04
2026-04-01,600875.XSHG,东方电气,电气设备I,36.79,38.28,0.04,37.71,37.31,-0.01,37.6,36.86,-0.02,36.56,34.82,-0.05,36.74,38.3,0.04,37.9,38.31,0.01,39.16,39.51,0.01,38.96,39.72,0.02,40.5,38.93,-0.04,38.93,38.22,-0.02,38.87,42.04,0.08
2026-04-01,300383.XSHE,光环新网,通信I,18.0,17.65,-0.02,17.36,16.28,-0.06,16.94,16.88,-0.0,16.89,16.38,-0.03,17.19,17.8,0.04,17.51,17.48,-0.0,17.8,17.2,-0.03,16.89,17.6,0.04,18.09,18.33,0.01,18.42,17.85,-0.03,18.03,18.78,0.04
2026-04-01,002281.XSHE,光迅科技,通信I,86.6,86.98,0.0,85.81,83.9,-0.02,85.02,90.39,0.06,92.0,92.36,0.0,95.6,98.26,0.03,96.13,108.09,0.12,111.72,107.82,-0.03,107.29,113.73,0.06,113.5,111.4,-0.02,111.6,106.7,-0.04,107.2,106.21,-0.01
2026-04-01,600410.XSHG,华胜天成,计算机I,25.4,26.47,0.04,25.9,25.14,-0.03,25.4,25.15,-0.01,25.16,25.6,0.02,26.37,27.86,0.06,27.01,27.35,0.01,27.66,27.06,-0.02,26.63,26.76,0.0,27.2,27.32,0.0,27.55,26.88,-0.02,27.1,27.99,0.03
2026-04-01,002015.XSHE,协鑫能科,公用事业I,16.31,17.25,0.06,17.08,16.39,-0.04,16.6,16.2,-0.02,16.36,17.35,0.06,17.52,17.91,0.02,17.51,17.41,-0.01,17.6,17.36,-0.01,17.11,17.51,0.02,17.6,17.65,0.0,17.81,17.8,-0.0,17.9,18.42,0.03
2026-04-01,002342.XSHE,巨力索具,机械设备I,15.08,14.26,-0.05,14.18,13.8,-0.03,13.69,12.78,-0.07,12.73,12.88,0.01,13.1,14.17,0.08,14.5,15.59,0.08,16.0,15.5,-0.03,15.56,16.34,0.05,16.34,17.15,0.05,17.03,18.29,0.07,18.01,18.51,0.03
2026-04-01,600276.XSHG,恒瑞医药,医药生物I,56.03,57.73,0.03,57.74,57.37,-0.01,56.98,56.38,-0.01,56.51,56.12,-0.01,57.01,57.45,0.01,56.92,56.96,0.0,57.5,57.06,-0.01,56.6,55.2,-0.02,55.35,56.18,0.01,57.94,57.73,-0.0,57.98,57.47,-0.01
2026-04-01,600105.XSHG,永鼎股份,通信I,28.5,30.51,0.07,30.3,30.29,-0.0,31.03,30.98,-0.0,30.98,30.21,-0.02,31.59,33.23,0.05,33.95,34.64,0.02,34.65,38.1,0.1,37.87,38.7,0.02,38.1,37.18,-0.02,37.26,37.54,0.01,37.5,39.47,0.05
2026-04-01,603993.XSHG,洛阳钼业,有色金属I,17.9,18.24,0.02,18.12,17.71,-0.02,17.71,17.52,-0.01,17.56,17.6,0.0,18.49,19.14,0.04,18.7,19.12,0.02,19.39,18.96,-0.02,18.68,18.86,0.01,19.45,19.56,0.01,20.0,19.97,-0.0,19.98,20.29,0.02
2026-04-01,688041.XSHG,海光信息,电子I,217.1,220.31,0.01,219.0,213.0,-0.03,214.07,213.77,-0.0,214.0,217.54,0.02,226.1,228.5,0.01,225.0,227.0,0.01,230.49,231.82,0.01,240.0,245.25,0.02,251.01,248.78,-0.01,251.89,252.0,0.0,252.5,253.0,0.0
2026-04-01,002361.XSHE,神剑股份,化工I,17.0,17.0,0.0,17.1,17.29,0.01,17.12,15.74,-0.08,15.85,15.25,-0.04,15.41,16.78,0.09,16.78,16.41,-0.02,16.41,16.49,0.0,16.48,16.7,0.01,16.55,16.85,0.02,16.85,18.54,0.1,18.5,19.26,0.04
2026-04-01,300017.XSHE,网宿科技,计算机I,17.61,17.73,0.01,17.46,16.55,-0.05,16.88,16.55,-0.02,16.49,16.05,-0.03,16.91,18.42,0.09,17.7,17.95,0.01,18.25,17.77,-0.03,17.44,18.16,0.04,19.1,18.67,-0.02,18.55,18.26,-0.02,18.49,19.14,0.04
2026-04-01,688521.XSHG,芯原股份,电子I,213.0,223.0,0.05,219.92,219.0,-0.0,224.0,224.8,0.0,230.4,230.55,0.0,243.0,240.72,-0.01,235.0,238.24,0.01,245.0,248.0,0.01,246.1,239.17,-0.03,243.71,245.5,0.01,245.0,254.24,0.04,252.0,244.7,-0.03
2026-04-01,002565.XSHE,顺灏股份,轻工制造I,17.0,16.7,-0.02,16.65,16.2,-0.03,16.35,15.2,-0.07,15.67,16.02,0.02,16.39,17.19,0.05,17.05,17.23,0.01,17.5,16.66,-0.05,16.42,16.42,0.0,16.52,17.3,0.05,17.32,17.7,0.02,17.67,17.75,0.0
2026-04-02,600759.XSHG,ST洲际,石油石化I,5.7,5.89,0.03,5.9,5.71,-0.03,5.57,5.77,0.04,5.23,5.3,0.01,5.42,5.45,0.01,5.32,5.39,0.01,5.6,5.75,0.03,5.52,5.59,0.01,5.43,5.31,-0.02,5.25,5.27,0.0,5.28,5.17,-0.02
2026-04-02,601600.XSHG,中国铝业,有色金属I,11.75,11.68,-0.01,11.6,11.21,-0.03,11.3,11.39,0.01,11.76,12.23,0.04,12.15,12.77,0.05,12.69,12.35,-0.03,12.21,12.16,-0.0,12.5,12.46,-0.0,12.53,12.3,-0.02,12.54,12.8,0.02,12.7,12.69,-0.0
2026-04-02,002471.XSHE,中超控股,电气设备I,8.76,9.36,0.07,9.14,8.42,-0.08,8.18,8.75,0.07,8.8,9.01,0.02,9.02,9.05,0.0,9.0,8.81,-0.02,8.6,8.7,0.01,8.76,8.78,0.0,8.77,9.09,0.04,8.92,9.24,0.04,9.35,9.14,-0.02
2026-04-02,002432.XSHE,九安医疗,医药生物I,82.5,81.15,-0.02,80.0,81.13,0.01,82.1,82.86,0.01,84.43,87.59,0.04,86.74,88.01,0.01,89.18,92.75,0.04,91.0,85.93,-0.06,84.57,77.8,-0.08,77.91,75.58,-0.03,75.01,75.28,0.0,74.2,75.35,0.02
2026-04-02,688313.XSHG,仕佳光子,通信I,88.0,92.8,0.05,95.9,96.4,0.01,94.5,91.49,-0.03,95.15,98.81,0.04,96.84,106.98,0.1,109.01,106.0,-0.03,105.0,116.8,0.11,116.2,120.69,0.04,117.99,114.59,-0.03,113.81,114.89,0.01,118.0,125.79,0.07
2026-04-02,300620.XSHE,光库科技,通信I,189.85,199.92,0.05,204.85,222.79,0.09,222.08,219.14,-0.01,230.83,221.85,-0.04,217.87,230.94,0.06,230.94,232.7,0.01,226.51,226.58,0.0,227.83,230.43,0.01,228.36,227.28,-0.0,224.73,230.89,0.03,237.98,251.64,0.06
2026-04-02,601288.XSHG,农业银行,银行I,6.59,6.79,0.03,6.8,6.71,-0.01,6.7,6.56,-0.02,6.49,6.5,0.0,6.5,6.47,-0.0,6.44,6.46,0.0,6.47,6.51,0.01,6.47,6.63,0.02,6.61,6.82,0.03,6.8,6.87,0.01,6.87,6.92,0.01
2026-04-02,002821.XSHE,凯莱英,医药生物I,124.04,126.65,0.02,125.01,122.06,-0.02,122.5,119.56,-0.02,121.0,118.72,-0.02,118.72,121.25,0.02,120.13,121.27,0.01,121.42,120.96,-0.0,122.0,121.33,-0.01,122.4,117.85,-0.04,117.24,117.41,0.0,117.22,114.41,-0.02
2026-04-02,603778.XSHG,国晟科技,建筑装饰I,27.99,29.16,0.04,29.15,28.68,-0.02,28.68,31.55,0.1,31.53,32.03,0.02,32.0,32.84,0.03,33.0,31.24,-0.05,31.5,33.1,0.05,29.79,29.79,0.0,26.81,26.81,0.0,24.13,26.4,0.09,24.8,24.25,-0.02
2026-04-02,600666.XSHG,奥瑞德,电子I,6.27,6.17,-0.02,6.21,5.88,-0.05,5.7,5.91,0.04,6.18,6.5,0.05,7.15,6.56,-0.08,6.56,6.3,-0.04,6.01,6.42,0.07,6.61,6.48,-0.02,6.31,6.23,-0.01,6.25,6.85,0.1,6.85,7.09,0.04
2026-04-02,601872.XSHG,招商轮船,交通运输I,18.15,19.47,0.07,20.05,20.39,0.02,20.76,20.26,-0.02,19.19,20.16,0.05,20.33,19.75,-0.03,19.6,19.08,-0.03,18.7,18.22,-0.03,18.2,18.53,0.02,18.18,18.44,0.01,18.57,18.08,-0.03,17.99,18.55,0.03
2026-04-02,002353.XSHE,杰瑞股份,机械设备I,103.44,108.0,0.04,106.63,107.37,0.01,107.31,101.66,-0.05,107.88,111.83,0.04,111.61,112.49,0.01,113.0,117.46,0.04,116.0,111.73,-0.04,113.1,110.75,-0.02,111.66,109.48,-0.02,109.5,116.3,0.06,115.13,121.18,0.05
2026-04-02,000070.XSHE,特发信息,通信I,17.82,19.37,0.09,19.03,18.68,-0.02,18.37,18.13,-0.01,18.4,18.98,0.03,18.67,20.88,0.12,20.88,19.76,-0.05,19.11,21.1,0.1,21.25,20.28,-0.05,19.99,18.88,-0.06,18.61,20.77,0.12,20.74,20.33,-0.02
2026-04-02,600089.XSHG,特变电工,电气设备I,26.82,26.17,-0.02,26.21,25.5,-0.03,25.5,25.35,-0.01,26.0,26.92,0.04,26.6,26.73,0.0,26.99,27.09,0.0,26.74,26.92,0.01,27.26,27.48,0.01,27.75,28.22,0.02,27.75,27.95,0.01,27.8,27.32,-0.02
2026-04-02,603538.XSHG,美诺华,医药生物I,38.51,42.32,0.1,40.2,40.0,-0.0,40.8,39.31,-0.04,43.24,43.24,0.0,46.5,45.5,-0.02,47.46,49.59,0.04,49.5,48.07,-0.03,48.07,50.96,0.06,50.91,55.5,0.09,55.5,56.0,0.01,56.0,52.5,-0.06
2026-04-02,600988.XSHG,赤峰黄金,有色金属I,45.0,45.0,0.0,44.93,45.25,0.01,44.6,43.69,-0.02,46.18,47.36,0.03,45.5,45.85,0.01,46.3,45.08,-0.03,44.8,44.18,-0.01,44.94,44.01,-0.02,44.99,43.3,-0.04,43.8,44.1,0.01,43.36,43.42,0.0
2026-04-03,002309.XSHE,中利集团,电气设备I,4.85,5.03,0.04,5.03,5.23,0.04,5.06,5.03,-0.01,4.91,4.76,-0.03,4.63,4.4,-0.05,4.39,4.45,0.01,4.41,4.24,-0.04,4.16,4.03,-0.03,4.08,4.09,0.0,4.1,3.98,-0.03,4.03,4.38,0.09
2026-04-03,000617.XSHE,中油资本,非银金融I,10.91,10.7,-0.02,10.72,11.53,0.08,10.81,10.39,-0.04,10.55,10.39,-0.02,10.2,10.26,0.01,10.28,10.08,-0.02,9.93,9.82,-0.01,9.68,9.87,0.02,9.82,9.73,-0.01,9.73,9.43,-0.03,9.4,9.51,0.01
2026-04-03,002428.XSHE,云南锗业,有色金属I,49.06,51.71,0.05,51.91,52.76,0.02,54.0,54.25,0.0,53.8,55.59,0.03,58.29,56.79,-0.03,57.11,55.13,-0.03,56.0,58.88,0.05,59.71,57.15,-0.04,56.27,56.36,0.0,60.53,62.0,0.02,63.86,68.2,0.07
2026-04-03,300136.XSHE,信维通信,电子I,63.38,61.77,-0.03,62.33,60.68,-0.03,62.56,65.88,0.05,64.3,63.95,-0.01,64.0,63.99,-0.0,63.17,63.54,0.01,64.26,68.57,0.07,68.96,68.5,-0.01,68.01,69.8,0.03,69.01,74.91,0.09,71.67,77.8,0.09
2026-04-03,002281.XSHE,光迅科技,通信I,85.02,90.39,0.06,92.0,92.36,0.0,95.6,98.26,0.03,96.13,108.09,0.12,111.72,107.82,-0.03,107.29,113.73,0.06,113.5,111.4,-0.02,111.6,106.7,-0.04,107.2,106.21,-0.01,110.99,116.83,0.05,122.0,120.05,-0.02
2026-04-03,600010.XSHG,包钢股份,钢铁I,2.62,2.66,0.02,2.66,2.79,0.05,2.81,2.83,0.01,2.8,2.87,0.03,2.92,2.83,-0.03,2.95,2.98,0.01,2.96,2.86,-0.03,2.84,2.82,-0.01,2.82,2.88,0.02,2.86,2.86,0.0,2.84,2.88,0.01
2026-04-03,300342.XSHE,天银机电,家用电器I,55.78,56.45,0.01,56.24,59.83,0.06,58.45,58.97,0.01,58.66,53.31,-0.09,54.58,55.39,0.01,55.39,53.87,-0.03,53.68,53.57,-0.0,53.73,54.19,0.01,54.63,55.78,0.02,55.01,57.09,0.04,57.28,63.0,0.1
2026-04-03,688205.XSHG,德科立,通信I,219.98,247.21,0.12,245.04,234.28,-0.04,248.0,248.0,0.0,245.0,243.0,-0.01,248.4,236.3,-0.05,231.04,233.5,0.01,238.0,251.22,0.06,248.0,242.02,-0.02,238.0,240.81,0.01,246.32,255.9,0.04,252.36,247.01,-0.02
2026-04-03,002222.XSHE,福晶科技,电子I,70.31,75.46,0.07,75.47,79.51,0.05,80.58,81.09,0.01,78.18,81.69,0.04,81.74,85.48,0.05,84.59,86.4,0.02,85.8,85.52,-0.0,85.54,83.56,-0.02,83.5,85.58,0.02,86.85,90.68,0.04,90.33,91.72,0.02
2026-04-03,000938.XSHE,紫光股份,计算机I,24.43,25.62,0.05,25.51,25.13,-0.01,25.85,26.46,0.02,26.16,27.02,0.03,27.02,27.09,0.0,26.93,28.24,0.05,28.09,27.86,-0.01,27.85,27.48,-0.01,27.56,28.09,0.02,27.93,27.7,-0.01,27.95,28.41,0.02
2026-04-03,300757.XSHE,罗博特科,机械设备I,408.0,434.0,0.06,433.51,436.0,0.01,450.0,475.28,0.06,478.0,488.25,0.02,497.52,494.0,-0.01,485.3,495.17,0.02,485.0,482.26,-0.01,492.01,490.76,-0.0,488.0,496.46,0.02,504.82,524.0,0.04,524.0,523.46,-0.0
2026-04-03,688195.XSHG,腾景科技,电子I,299.85,338.93,0.13,332.0,328.0,-0.01,347.88,339.0,-0.03,331.05,331.1,0.0,333.02,326.09,-0.02,324.0,328.81,0.01,328.81,333.28,0.01,337.98,341.5,0.01,338.09,342.26,0.01,347.0,358.0,0.03,355.49,353.62,-0.01
2026-04-03,688521.XSHG,芯原股份,电子I,224.0,224.8,0.0,230.4,230.55,0.0,243.0,240.72,-0.01,235.0,238.24,0.01,245.0,248.0,0.01,246.1,239.17,-0.03,243.71,245.5,0.01,245.0,254.24,0.04,252.0,244.7,-0.03,237.0,241.08,0.02,240.52,251.39,0.05
2026-04-03,300456.XSHE,赛微电子,电子I,47.75,48.3,0.01,49.27,50.91,0.03,52.57,51.8,-0.01,50.39,53.46,0.06,53.36,52.21,-0.02,51.03,52.57,0.03,52.77,52.97,0.0,53.07,51.99,-0.02,51.67,52.12,0.01,52.45,55.45,0.06,55.53,54.98,-0.01
2026-04-03,688048.XSHG,长光华芯,电子I,226.0,236.93,0.05,233.45,228.5,-0.02,245.0,238.68,-0.03,230.23,230.05,-0.0,229.0,239.39,0.05,233.0,255.9,0.1,260.76,289.0,0.11,290.0,292.5,0.01,298.16,298.0,-0.0,307.0,328.01,0.07,306.99,309.18,0.01
2026-04-03,300548.XSHE,长芯博创,通信I,161.3,165.18,0.02,169.05,181.1,0.07,190.0,206.39,0.09,200.11,231.86,0.16,229.96,223.8,-0.03,223.32,225.0,0.01,229.0,231.37,0.01,228.86,236.8,0.03,236.67,241.26,0.02,246.09,260.05,0.06,253.5,256.38,0.01
2026-04-07,600309.XSHG,万华化学,化工I,81.8,86.27,0.05,85.0,86.44,0.02,85.91,87.59,0.02,87.86,89.07,0.01,89.07,92.2,0.04,92.04,90.68,-0.01,89.99,89.08,-0.01,89.0,90.1,0.01,89.5,87.77,-0.02,87.5,87.54,0.0,87.47,87.49,0.0
2026-04-07,600150.XSHG,中国船舶,国防军工I,30.55,31.98,0.05,32.26,32.42,0.0,32.15,32.23,0.0,32.3,32.65,0.01,32.37,32.66,0.01,33.28,33.0,-0.01,33.2,32.71,-0.01,32.76,32.72,-0.0,32.61,33.03,0.01,33.12,35.28,0.07,35.44,36.32,0.02
2026-04-07,688981.XSHG,中芯国际,电子I,91.5,95.62,0.05,99.02,101.18,0.02,99.4,99.72,0.0,101.0,101.01,0.0,99.85,100.64,0.01,102.1,101.52,-0.01,102.05,103.91,0.02,103.5,104.18,0.01,103.82,105.23,0.01,105.93,107.96,0.02,107.33,107.46,0.0
2026-04-07,600602.XSHG,云赛智联,计算机I,24.39,24.05,-0.01,24.83,25.05,0.01,24.33,24.38,0.0,25.1,24.08,-0.04,23.91,24.4,0.02,24.88,24.47,-0.02,24.46,23.9,-0.02,23.93,24.63,0.03,24.26,24.08,-0.01,24.16,23.72,-0.02,23.76,23.02,-0.03
2026-04-07,600111.XSHG,北方稀土,有色金属I,47.62,49.89,0.05,50.81,51.7,0.02,51.0,51.8,0.02,52.79,51.75,-0.02,53.05,52.34,-0.01,52.34,50.54,-0.03,50.57,49.4,-0.02,49.59,49.39,-0.0,49.0,49.22,0.0,49.3,50.89,0.03,50.99,50.6,-0.01
2026-04-07,002015.XSHE,协鑫能科,公用事业I,16.36,17.35,0.06,17.52,17.91,0.02,17.51,17.41,-0.01,17.6,17.36,-0.01,17.11,17.51,0.02,17.6,17.65,0.0,17.81,17.8,-0.0,17.9,18.42,0.03,18.42,18.53,0.01,18.54,19.16,0.03,19.28,18.91,-0.02
2026-04-07,600989.XSHG,宝丰能源,化工I,28.66,30.33,0.06,27.85,28.18,0.01,28.6,29.22,0.02,28.86,29.47,0.02,29.9,29.75,-0.01,29.09,29.09,0.0,28.53,28.03,-0.02,27.79,27.77,-0.0,27.9,27.36,-0.02,27.21,26.98,-0.01,26.97,27.27,0.01
2026-04-07,000977.XSHE,浪潮信息,计算机I,57.37,59.47,0.04,60.66,62.68,0.03,61.5,65.07,0.06,65.77,67.5,0.03,66.0,68.34,0.04,69.0,67.99,-0.01,67.97,68.88,0.01,68.42,68.28,-0.0,68.98,68.23,-0.01,69.45,73.12,0.05,71.01,71.37,0.01
2026-04-07,688041.XSHG,海光信息,电子I,214.0,217.54,0.02,226.1,228.5,0.01,225.0,227.0,0.01,230.49,231.82,0.01,240.0,245.25,0.02,251.01,248.78,-0.01,251.89,252.0,0.0,252.5,253.0,0.0,258.0,260.0,0.01,262.0,261.78,-0.0,260.0,252.55,-0.03
2026-04-07,002792.XSHE,通宇通讯,通信I,44.58,47.53,0.07,46.67,49.07,0.05,47.5,47.37,-0.0,47.6,45.53,-0.04,45.06,45.21,0.0,45.55,48.02,0.05,47.55,47.14,-0.01,47.49,49.38,0.04,48.52,51.02,0.05,50.36,52.88,0.05,52.33,51.18,-0.02
2026-04-07,002565.XSHE,顺灏股份,轻工制造I,15.67,16.02,0.02,16.39,17.19,0.05,17.05,17.23,0.01,17.5,16.66,-0.05,16.42,16.42,0.0,16.52,17.3,0.05,17.32,17.7,0.02,17.67,17.75,0.0,17.86,18.92,0.06,18.95,20.29,0.07,22.32,22.32,0.0
2026-04-08,300059.XSHE,东方财富,非银金融I,18.81,19.39,0.03,19.05,18.86,-0.01,19.12,19.66,0.03,19.42,19.91,0.03,20.09,20.05,-0.0,20.19,19.75,-0.02,19.84,19.96,0.01,19.85,19.94,0.0,19.95,20.05,0.01,20.04,19.94,-0.0,19.86,20.18,0.02
2026-04-08,601318.XSHG,中国平安,非银金融I,58.0,59.45,0.03,59.0,58.74,-0.0,59.0,58.82,-0.0,58.2,57.75,-0.01,58.23,58.97,0.01,59.4,58.7,-0.01,58.71,58.52,-0.0,58.4,57.92,-0.01,57.87,58.54,0.01,58.54,58.03,-0.01,58.03,58.03,0.0
2026-04-08,601600.XSHG,中国铝业,有色金属I,11.76,12.23,0.04,12.15,12.77,0.05,12.69,12.35,-0.03,12.21,12.16,-0.0,12.5,12.46,-0.0,12.53,12.3,-0.02,12.54,12.8,0.02,12.7,12.69,-0.0,12.59,12.31,-0.02,12.24,12.15,-0.01,12.01,12.08,0.01
2026-04-08,688012.XSHG,中微公司,电子I,305.0,317.69,0.04,314.03,321.3,0.02,326.3,324.0,-0.01,322.0,316.58,-0.02,321.58,324.5,0.01,327.95,320.36,-0.02,323.1,318.5,-0.01,316.5,314.0,-0.01,309.58,313.54,0.01,314.85,308.88,-0.02,308.88,319.99,0.04
2026-04-08,300136.XSHE,信维通信,电子I,62.56,65.88,0.05,64.3,63.95,-0.01,64.0,63.99,-0.0,63.17,63.54,0.01,64.26,68.57,0.07,68.96,68.5,-0.01,68.01,69.8,0.03,69.01,74.91,0.09,71.67,77.8,0.09,77.4,77.04,-0.0,77.1,79.52,0.03
2026-04-08,002371.XSHE,北方华创,电子I,437.0,463.98,0.06,461.0,472.84,0.03,475.0,476.89,0.0,475.9,472.5,-0.01,478.0,481.6,0.01,483.06,475.0,-0.02,475.0,473.56,-0.0,470.0,469.91,-0.0,447.0,471.23,0.05,471.96,450.36,-0.05,449.0,477.95,0.06
2026-04-08,600410.XSHG,华胜天成,计算机I,26.37,27.86,0.06,27.01,27.35,0.01,27.66,27.06,-0.02,26.63,26.76,0.0,27.2,27.32,0.0,27.55,26.88,-0.02,27.1,27.99,0.03,27.78,28.94,0.04,29.4,28.99,-0.01,28.58,27.9,-0.02,27.93,28.73,0.03
2026-04-08,601872.XSHG,招商轮船,交通运输I,19.19,20.16,0.05,20.33,19.75,-0.03,19.6,19.08,-0.03,18.7,18.22,-0.03,18.2,18.53,0.02,18.18,18.44,0.01,18.57,18.08,-0.03,17.99,18.55,0.03,18.33,19.08,0.04,19.09,19.09,0.0,18.88,17.96,-0.05
2026-04-08,301308.XSHE,江波龙,电子I,318.11,323.92,0.02,316.75,325.5,0.03,333.0,341.3,0.02,340.16,354.5,0.04,357.91,381.51,0.07,387.0,371.57,-0.04,356.0,372.06,0.05,366.0,370.52,0.01,369.0,375.21,0.02,378.0,375.96,-0.01,378.22,382.74,0.01
2026-04-08,603993.XSHG,洛阳钼业,有色金属I,18.49,19.14,0.04,18.7,19.12,0.02,19.39,18.96,-0.02,18.68,18.86,0.01,19.45,19.56,0.01,20.0,19.97,-0.0,19.98,20.29,0.02,20.02,20.23,0.01,20.18,20.24,0.0,20.15,20.08,-0.0,19.94,20.09,0.01
2026-04-08,300442.XSHE,润泽科技,通信I,83.1,86.91,0.05,85.5,87.29,0.02,88.0,87.04,-0.01,85.3,89.22,0.05,92.0,91.14,-0.01,92.0,90.26,-0.02,90.26,95.78,0.06,94.0,94.29,0.0,94.5,95.2,0.01,93.94,90.05,-0.04,89.98,93.5,0.04
2026-04-08,688008.XSHG,澜起科技,电子I,133.67,139.21,0.04,137.52,139.17,0.01,143.0,143.53,0.0,142.4,152.3,0.07,157.5,153.36,-0.03,156.0,147.18,-0.06,147.48,151.0,0.02,150.52,150.78,0.0,153.2,154.66,0.01,154.69,158.4,0.02,158.41,163.35,0.03
2026-04-08,300017.XSHE,网宿科技,计算机I,16.91,18.42,0.09,17.7,17.95,0.01,18.25,17.77,-0.03,17.44,18.16,0.04,19.1,18.67,-0.02,18.55,18.26,-0.02,18.49,19.14,0.04,18.68,18.9,0.01,18.8,18.66,-0.01,18.47,17.98,-0.03,18.3,19.13,0.05
2026-04-08,300058.XSHE,蓝色光标,传媒I,14.16,16.31,0.15,16.4,16.66,0.02,16.67,16.49,-0.01,16.16,16.54,0.02,16.93,17.27,0.02,17.13,16.43,-0.04,16.85,17.2,0.02,16.96,18.0,0.06,17.93,19.53,0.09,19.12,18.79,-0.02,18.7,19.24,0.03
2026-04-08,600519.XSHG,贵州茅台,食品饮料I,1460.0,1465.02,0.0,1465.02,1460.49,-0.0,1459.14,1453.96,-0.0,1444.0,1443.31,-0.0,1442.6,1446.9,0.0,1444.98,1467.5,0.02,1467.45,1462.84,-0.0,1400.0,1407.24,0.01,1403.0,1410.89,0.01,1411.0,1412.01,0.0,1415.0,1409.5,-0.0
2026-04-08,300475.XSHE,香农芯创,电子I,145.71,148.18,0.02,149.57,147.55,-0.01,150.0,151.25,0.01,148.51,152.0,0.02,155.3,158.58,0.02,160.0,153.94,-0.04,152.41,156.8,0.03,156.0,159.12,0.02,159.5,164.0,0.03,162.07,160.82,-0.01,159.8,162.12,0.01
2026-04-09,002384.XSHE,东山精密,电子I,128.0,131.9,0.03,132.3,143.55,0.09,143.61,146.83,0.02,147.0,146.0,-0.01,145.7,145.8,0.0,145.12,149.55,0.03,155.0,162.1,0.05,162.08,157.0,-0.03,157.19,169.4,0.08,172.06,186.34,0.08,192.0,186.66,-0.03
2026-04-09,000063.XSHE,中兴通讯,通信I,33.7,35.56,0.06,35.5,35.79,0.01,35.52,35.72,0.01,36.1,35.83,-0.01,35.97,35.21,-0.02,35.42,35.4,-0.0,35.2,35.33,0.0,35.32,35.83,0.01,35.61,35.2,-0.01,35.08,37.34,0.06,37.2,36.85,-0.01
2026-04-09,688313.XSHG,仕佳光子,通信I,96.84,106.98,0.1,109.01,106.0,-0.03,105.0,116.8,0.11,116.2,120.69,0.04,117.99,114.59,-0.03,113.81,114.89,0.01,118.0,125.79,0.07,127.02,125.35,-0.01,124.15,136.35,0.1,138.91,145.98,0.05,144.8,139.3,-0.04
2026-04-09,002131.XSHE,利欧股份,机械设备I,8.03,8.0,-0.0,8.01,7.99,-0.0,7.91,8.05,0.02,8.17,8.12,-0.01,8.12,7.82,-0.04,7.97,8.05,0.01,7.96,7.96,0.0,7.92,8.31,0.05,8.18,8.01,-0.02,7.94,7.98,0.01,7.99,7.86,-0.02
2026-04-09,603083.XSHG,剑桥科技,通信I,112.76,115.37,0.02,116.63,116.06,-0.0,111.82,118.4,0.06,118.62,120.44,0.02,125.32,125.61,0.0,124.99,131.88,0.06,138.79,145.07,0.05,159.43,152.07,-0.05,150.6,160.93,0.07,157.96,171.92,0.09,169.74,164.08,-0.03
2026-04-09,603778.XSHG,国晟科技,建筑装饰I,32.0,32.84,0.03,33.0,31.24,-0.05,31.5,33.1,0.05,29.79,29.79,0.0,26.81,26.81,0.0,24.13,26.4,0.09,24.8,24.25,-0.02,24.82,26.68,0.07,27.94,29.0,0.04,26.1,26.1,0.0,26.8,26.54,-0.01
2026-04-09,002008.XSHE,大族激光,机械设备I,71.0,76.36,0.08,76.36,76.55,0.0,75.01,75.78,0.01,76.6,82.7,0.08,82.62,78.79,-0.05,77.81,86.67,0.11,88.4,87.56,-0.01,88.59,89.18,0.01,89.6,92.8,0.04,91.31,94.18,0.03,95.0,103.6,0.09
2026-04-09,300390.XSHE,天华新能,电气设备I,65.0,62.0,-0.05,62.37,68.3,0.1,69.36,80.2,0.16,76.63,81.05,0.06,79.81,76.93,-0.04,78.69,85.68,0.09,85.0,87.79,0.03,86.47,86.61,0.0,87.05,85.81,-0.01,84.05,84.86,0.01,84.86,80.07,-0.06
2026-04-09,300342.XSHE,天银机电,家用电器I,58.66,53.31,-0.09,54.58,55.39,0.01,55.39,53.87,-0.03,53.68,53.57,-0.0,53.73,54.19,0.01,54.63,55.78,0.02,55.01,57.09,0.04,57.28,63.0,0.1,63.53,68.66,0.08,65.83,66.18,0.01,67.98,72.31,0.06
2026-04-09,600666.XSHG,奥瑞德,电子I,7.15,6.56,-0.08,6.56,6.3,-0.04,6.01,6.42,0.07,6.61,6.48,-0.02,6.31,6.23,-0.01,6.25,6.85,0.1,6.85,7.09,0.04,7.07,7.16,0.01,6.89,6.74,-0.02,6.65,6.82,0.03,6.77,6.56,-0.03
2026-04-09,000977.XSHE,浪潮信息,计算机I,61.5,65.07,0.06,65.77,67.5,0.03,66.0,68.34,0.04,69.0,67.99,-0.01,67.97,68.88,0.01,68.42,68.28,-0.0,68.98,68.23,-0.01,69.45,73.12,0.05,71.01,71.37,0.01,71.65,74.2,0.04,74.32,73.83,-0.01
2026-04-09,002361.XSHE,神剑股份,化工I,16.78,16.41,-0.02,16.41,16.49,0.0,16.48,16.7,0.01,16.55,16.85,0.02,16.85,18.54,0.1,18.5,19.26,0.04,18.8,18.75,-0.0,18.85,20.63,0.09,21.47,22.69,0.06,22.46,23.65,0.05,23.65,22.99,-0.03
2026-04-09,603259.XSHG,药明康德,医药生物I,103.73,106.19,0.02,106.0,106.33,0.0,105.8,105.71,-0.0,106.71,106.55,-0.0,108.3,106.83,-0.01,107.11,105.66,-0.01,105.0,99.39,-0.05,99.39,99.76,0.0,99.5,98.55,-0.01,98.2,99.25,0.01,99.92,100.19,0.0
2026-04-09,002491.XSHE,通鼎互联,通信I,15.59,16.14,0.04,15.5,14.59,-0.06,14.18,14.82,0.05,14.53,15.09,0.04,15.02,14.2,-0.05,13.95,15.62,0.12,15.62,15.13,-0.03,16.3,16.64,0.02,16.67,16.75,0.0,16.62,17.22,0.04,17.01,16.83,-0.01
2026-04-09,002565.XSHE,顺灏股份,轻工制造I,17.05,17.23,0.01,17.5,16.66,-0.05,16.42,16.42,0.0,16.52,17.3,0.05,17.32,17.7,0.02,17.67,17.75,0.0,17.86,18.92,0.06,18.95,20.29,0.07,22.32,22.32,0.0,22.76,21.95,-0.04,21.95,19.76,-0.1
2026-04-10,300059.XSHE,东方财富,非银金融I,19.12,19.66,0.03,19.42,19.91,0.03,20.09,20.05,-0.0,20.19,19.75,-0.02,19.84,19.96,0.01,19.85,19.94,0.0,19.95,20.05,0.01,20.04,19.94,-0.0,19.86,20.18,0.02,20.1,19.89,-0.01,19.85,19.7,-0.01
2026-04-10,600030.XSHG,中信证券,非银金融I,25.01,25.9,0.04,25.62,26.09,0.02,26.3,26.19,-0.0,26.33,26.01,-0.01,26.12,26.31,0.01,26.2,26.26,0.0,26.23,26.3,0.0,26.25,26.3,0.0,26.16,26.71,0.02,26.58,26.48,-0.0,26.37,26.23,-0.01
2026-04-10,300014.XSHE,亿纬锂能,电气设备I,65.78,68.85,0.05,68.65,69.78,0.02,69.87,72.06,0.03,72.26,70.08,-0.03,70.76,70.74,-0.0,70.24,69.62,-0.01,69.58,68.73,-0.01,69.09,71.74,0.04,71.65,71.54,-0.0,71.75,71.63,-0.0,71.66,72.57,0.01
2026-04-10,603799.XSHG,华友钴业,有色金属I,59.38,60.9,0.03,60.3,61.89,0.03,63.05,63.77,0.01,64.42,62.22,-0.03,62.78,65.34,0.04,66.64,65.64,-0.02,65.24,65.22,-0.0,65.88,64.94,-0.01,64.33,64.17,-0.0,64.27,61.69,-0.04,61.68,64.22,0.04
2026-04-10,300033.XSHE,同花顺,计算机I,220.27,228.7,0.04,225.06,235.06,0.04,238.5,239.59,0.0,242.0,233.99,-0.03,236.0,239.77,0.02,237.4,240.88,0.01,240.3,246.49,0.03,246.0,245.77,-0.0,243.8,246.74,0.01,249.11,236.01,-0.05,234.31,228.52,-0.02
2026-04-10,002709.XSHE,天赐材料,电气设备I,44.01,46.46,0.06,45.63,46.45,0.02,46.84,49.08,0.05,49.08,47.73,-0.03,48.23,48.89,0.01,48.73,48.52,-0.0,48.23,49.38,0.02,49.52,52.5,0.06,52.5,51.81,-0.01,51.8,49.14,-0.05,49.15,52.75,0.07
2026-04-10,002342.XSHE,巨力索具,机械设备I,16.0,15.5,-0.03,15.56,16.34,0.05,16.34,17.15,0.05,17.03,18.29,0.07,18.01,18.51,0.03,18.07,19.06,0.05,19.2,19.47,0.01,19.0,21.42,0.13,20.32,20.15,-0.01,19.63,18.96,-0.03,18.78,19.05,0.01
2026-04-10,300207.XSHE,欣旺达,电气设备I,25.85,28.63,0.11,28.72,28.94,0.01,28.95,30.01,0.04,29.96,29.1,-0.03,29.6,29.33,-0.01,29.17,29.39,0.01,29.28,29.04,-0.01,29.04,29.65,0.02,29.59,29.78,0.01,29.69,29.13,-0.02,26.6,27.75,0.04
2026-04-10,002594.XSHE,比亚迪,汽车I,99.39,101.67,0.02,101.57,104.25,0.03,103.0,103.82,0.01,103.82,103.03,-0.01,103.28,105.54,0.02,104.99,103.78,-0.01,103.78,102.91,-0.01,102.91,101.53,-0.01,101.11,101.62,0.01,101.57,99.98,-0.02,99.91,99.46,-0.0
2026-04-10,688041.XSHG,海光信息,电子I,230.49,231.82,0.01,240.0,245.25,0.02,251.01,248.78,-0.01,251.89,252.0,0.0,252.5,253.0,0.0,258.0,260.0,0.01,262.0,261.78,-0.0,260.0,252.55,-0.03,251.02,259.2,0.03,268.2,263.4,-0.02,275.63,285.0,0.03
2026-04-10,300442.XSHE,润泽科技,通信I,88.0,87.04,-0.01,85.3,89.22,0.05,92.0,91.14,-0.01,92.0,90.26,-0.02,90.26,95.78,0.06,94.0,94.29,0.0,94.5,95.2,0.01,93.94,90.05,-0.04,89.98,93.5,0.04,92.88,95.87,0.03,94.78,92.95,-0.02
2026-04-10,002916.XSHE,深南电路,电子I,245.0,262.03,0.07,259.0,268.69,0.04,272.14,285.77,0.05,284.98,270.93,-0.05,270.86,270.14,-0.0,269.45,283.06,0.05,285.83,287.62,0.01,285.0,295.33,0.04,296.82,301.3,0.02,301.4,301.3,-0.0,305.0,301.36,-0.01
2026-04-10,688521.XSHG,芯原股份,电子I,245.0,248.0,0.01,246.1,239.17,-0.03,243.71,245.5,0.01,245.0,254.24,0.04,252.0,244.7,-0.03,237.0,241.08,0.02,240.52,251.39,0.05,254.0,233.06,-0.08,231.15,250.95,0.09,253.0,235.5,-0.07,235.0,228.71,-0.03
2026-04-10,002837.XSHE,英维克,机械设备I,94.95,99.05,0.04,99.06,102.86,0.04,103.16,109.79,0.06,110.01,105.31,-0.04,106.9,106.18,-0.01,105.68,110.67,0.05,113.2,121.08,0.07,108.97,108.97,0.0,98.07,104.2,0.06,100.0,100.68,0.01,99.14,95.21,-0.04
2026-04-10,688048.XSHG,长光华芯,电子I,229.0,239.39,0.05,233.0,255.9,0.1,260.76,289.0,0.11,290.0,292.5,0.01,298.16,298.0,-0.0,307.0,328.01,0.07,306.99,309.18,0.01,301.3,310.76,0.03,322.0,372.91,0.16,383.9,367.0,-0.04,380.45,385.73,0.01
2026-04-13,603019.XSHG,中科曙光,计算机I,84.61,88.99,0.05,89.53,88.85,-0.01,90.5,88.29,-0.02,88.99,88.99,0.0,89.01,89.92,0.01,90.43,91.97,0.02,90.98,89.4,-0.02,89.0,91.84,0.03,92.95,91.68,-0.01,93.06,92.76,-0.0,94.76,94.24,-0.01
2026-04-13,002436.XSHE,兴森科技,电子I,22.61,25.23,0.12,24.98,25.42,0.02,25.39,24.7,-0.03,24.71,24.93,0.01,24.98,26.15,0.05,26.6,26.55,-0.0,26.3,28.21,0.07,29.0,28.63,-0.01,29.05,28.4,-0.02,28.4,28.52,0.0,28.3,29.23,0.03
2026-04-13,600010.XSHG,包钢股份,钢铁I,2.95,2.98,0.01,2.96,2.86,-0.03,2.84,2.82,-0.01,2.82,2.88,0.02,2.86,2.86,0.0,2.84,2.88,0.01,2.87,2.87,0.0,2.86,2.9,0.01,2.89,2.77,-0.04,2.76,2.74,-0.01,2.73,2.7,-0.01
2026-04-13,600111.XSHG,北方稀土,有色金属I,53.05,52.34,-0.01,52.34,50.54,-0.03,50.57,49.4,-0.02,49.59,49.39,-0.0,49.0,49.22,0.0,49.3,50.89,0.03,50.99,50.6,-0.01,50.2,50.15,-0.0,49.6,47.16,-0.05,47.0,47.24,0.01,47.01,46.83,-0.0
2026-04-13,002074.XSHE,国轩高科,电气设备I,38.8,39.5,0.02,39.29,39.92,0.02,39.65,38.72,-0.02,39.14,39.78,0.02,39.66,40.23,0.01,40.24,39.94,-0.01,40.15,40.56,0.01,40.36,40.5,0.0,40.76,39.76,-0.02,39.51,39.88,0.01,39.67,39.46,-0.01
2026-04-13,300570.XSHE,太辰光,通信I,124.85,136.6,0.09,134.99,136.42,0.01,135.2,130.03,-0.04,130.78,134.52,0.03,133.97,141.22,0.05,143.0,137.45,-0.04,133.35,143.1,0.07,143.24,145.5,0.02,145.72,135.03,-0.07,129.95,134.1,0.03,135.2,149.82,0.11
2026-04-13,002558.XSHE,巨人网络,传媒I,35.16,31.52,-0.1,31.94,31.75,-0.01,31.88,32.05,0.01,32.23,33.27,0.03,33.0,32.34,-0.02,32.31,32.25,-0.0,32.25,32.05,-0.01,31.81,32.1,0.01,32.1,31.88,-0.01,31.52,31.16,-0.01,31.31,31.52,0.01
2026-04-13,605117.XSHG,德业股份,电气设备I,139.6,146.94,0.05,148.0,144.5,-0.02,143.0,136.3,-0.05,137.5,139.99,0.02,139.0,143.99,0.04,143.98,143.07,-0.01,143.5,143.01,-0.0,143.54,145.2,0.01,146.51,148.8,0.02,147.3,146.82,-0.0,144.0,140.7,-0.02
2026-04-13,000938.XSHE,紫光股份,计算机I,26.93,28.24,0.05,28.09,27.86,-0.01,27.85,27.48,-0.01,27.56,28.09,0.02,27.93,27.7,-0.01,27.95,28.41,0.02,28.08,27.61,-0.02,27.52,29.92,0.09,30.52,31.2,0.02,30.88,31.32,0.01,31.98,32.19,0.01
2026-04-14,600176.XSHG,中国巨石,建筑材料I,33.07,32.47,-0.02,31.8,31.1,-0.02,32.12,33.0,0.03,32.65,33.5,0.03,33.08,31.71,-0.04,31.71,31.75,0.0,31.5,32.25,0.02,32.8,33.52,0.02,33.5,33.0,-0.01,33.88,33.44,-0.01,33.62,34.5,0.03
2026-04-14,002428.XSHE,云南锗业,有色金属I,56.0,58.88,0.05,59.71,57.15,-0.04,56.27,56.36,0.0,60.53,62.0,0.02,63.86,68.2,0.07,68.32,68.4,0.0,68.53,75.24,0.1,76.29,76.88,0.01,76.07,77.12,0.01,76.93,72.8,-0.05,72.6,69.68,-0.04
2026-04-14,300136.XSHE,信维通信,电子I,64.26,68.57,0.07,68.96,68.5,-0.01,68.01,69.8,0.03,69.01,74.91,0.09,71.67,77.8,0.09,77.4,77.04,-0.0,77.1,79.52,0.03,79.69,83.41,0.05,83.0,81.3,-0.02,81.18,88.46,0.09,88.0,87.49,-0.01
2026-04-14,603799.XSHG,华友钴业,有色金属I,63.05,63.77,0.01,64.42,62.22,-0.03,62.78,65.34,0.04,66.64,65.64,-0.02,65.24,65.22,-0.0,65.88,64.94,-0.01,64.33,64.17,-0.0,64.27,61.69,-0.04,61.68,64.22,0.04,65.22,65.73,0.01,64.75,64.2,-0.01
2026-04-14,603993.XSHG,洛阳钼业,有色金属I,19.45,19.56,0.01,20.0,19.97,-0.0,19.98,20.29,0.02,20.02,20.23,0.01,20.18,20.24,0.0,20.15,20.08,-0.0,19.94,20.09,0.01,20.25,19.36,-0.04,19.08,19.37,0.02,19.3,19.0,-0.02,18.76,18.48,-0.01
2026-04-14,600183.XSHG,生益科技,电子I,64.5,66.82,0.04,68.5,66.9,-0.02,67.32,67.56,0.0,67.05,69.25,0.03,69.28,69.8,0.01,69.51,72.55,0.04,72.54,76.0,0.05,76.01,74.95,-0.01,74.2,72.63,-0.02,74.0,76.67,0.04,77.34,76.62,-0.01
2026-04-14,300017.XSHE,网宿科技,计算机I,19.1,18.67,-0.02,18.55,18.26,-0.02,18.49,19.14,0.04,18.68,18.9,0.01,18.8,18.66,-0.01,18.47,17.98,-0.03,18.3,19.13,0.05,19.01,18.9,-0.01,18.53,17.8,-0.04,17.65,16.89,-0.04,16.87,16.15,-0.04
2026-04-14,688111.XSHG,金山办公,计算机I,260.0,248.53,-0.04,248.0,244.32,-0.01,246.6,252.46,0.02,251.0,247.55,-0.01,248.0,249.65,0.01,249.0,247.06,-0.01,247.78,249.21,0.01,249.9,251.48,0.01,251.0,249.12,-0.01,250.46,253.5,0.01,253.5,247.58,-0.02
2026-04-14,002202.XSHE,金风科技,电气设备I,24.35,25.3,0.04,25.43,25.02,-0.02,25.1,24.99,-0.0,24.99,25.39,0.02,25.14,26.59,0.06,26.4,26.13,-0.01,25.88,26.23,0.01,26.45,25.7,-0.03,25.66,25.48,-0.01,26.21,26.53,0.01,26.45,25.51,-0.04
2026-04-14,688048.XSHG,长光华芯,电子I,260.76,289.0,0.11,290.0,292.5,0.01,298.16,298.0,-0.0,307.0,328.01,0.07,306.99,309.18,0.01,301.3,310.76,0.03,322.0,372.91,0.16,383.9,367.0,-0.04,380.45,385.73,0.01,392.94,385.0,-0.02,393.93,364.59,-0.07
2026-04-15,600118.XSHG,中国卫星,国防军工I,85.02,86.28,0.01,86.1,85.49,-0.01,84.9,85.93,0.01,85.99,94.52,0.1,98.0,100.2,0.02,93.91,97.58,0.04,96.3,102.0,0.06,99.96,96.3,-0.04,94.0,99.5,0.06,98.0,96.99,-0.01,96.01,97.93,0.02
2026-04-15,601179.XSHG,中国西电,电气设备I,16.42,17.7,0.08,17.69,17.44,-0.01,17.45,17.19,-0.01,17.18,18.22,0.06,18.23,17.89,-0.02,17.9,17.95,0.0,17.96,18.02,0.0,17.71,17.21,-0.03,16.97,16.92,-0.0,16.91,17.2,0.02,17.15,17.15,0.0
2026-04-15,002364.XSHE,中恒电气,电气设备I,42.49,43.4,0.02,44.0,42.8,-0.03,43.03,40.91,-0.05,41.48,43.7,0.05,43.67,44.16,0.01,44.3,43.74,-0.01,44.21,43.53,-0.02,43.4,41.69,-0.04,42.0,41.15,-0.02,41.0,40.0,-0.02,39.41,39.75,0.01
2026-04-15,688981.XSHG,中芯国际,电子I,102.05,103.91,0.02,103.5,104.18,0.01,103.82,105.23,0.01,105.93,107.96,0.02,107.33,107.46,0.0,106.8,107.87,0.01,108.88,105.98,-0.03,105.58,110.96,0.05,113.25,116.58,0.03,115.24,114.0,-0.01,113.35,112.47,-0.01
2026-04-15,000657.XSHE,中钨高新,有色金属I,50.96,47.18,-0.07,47.61,51.9,0.09,53.5,56.12,0.05,57.16,58.54,0.02,58.0,57.81,-0.0,57.74,58.13,0.01,57.78,56.57,-0.02,55.31,55.18,-0.0,54.01,53.83,-0.0,53.82,52.1,-0.03,52.07,57.31,0.1
2026-04-15,603083.XSHG,剑桥科技,通信I,125.32,125.61,0.0,124.99,131.88,0.06,138.79,145.07,0.05,159.43,152.07,-0.05,150.6,160.93,0.07,157.96,171.92,0.09,169.74,164.08,-0.03,159.76,153.41,-0.04,155.4,153.36,-0.01,159.76,154.95,-0.03,154.27,170.45,0.1
2026-04-15,300857.XSHE,协创数据,电子I,199.91,200.27,0.0,201.21,227.61,0.13,221.0,226.11,0.02,219.76,219.75,-0.0,217.4,217.31,-0.0,219.96,260.76,0.19,259.01,257.11,-0.01,255.0,264.18,0.04,266.0,258.0,-0.03,261.85,261.0,-0.0,255.01,271.77,0.07
2026-04-15,600276.XSHG,恒瑞医药,医药生物I,57.94,57.73,-0.0,57.98,57.47,-0.01,57.2,56.33,-0.02,56.33,56.34,0.0,56.35,55.75,-0.01,55.6,55.44,-0.0,56.03,56.4,0.01,56.5,56.05,-0.01,56.06,55.38,-0.01,55.38,54.84,-0.01,54.83,54.99,0.0
2026-04-15,600089.XSHG,特变电工,电气设备I,27.75,28.22,0.02,27.75,27.95,0.01,27.8,27.32,-0.02,27.34,27.89,0.02,27.9,27.55,-0.01,27.42,27.49,0.0,27.6,27.68,0.0,27.5,26.96,-0.02,26.92,26.52,-0.01,26.45,26.84,0.01,26.85,27.25,0.01
2026-04-15,002361.XSHE,神剑股份,化工I,16.85,18.54,0.1,18.5,19.26,0.04,18.8,18.75,-0.0,18.85,20.63,0.09,21.47,22.69,0.06,22.46,23.65,0.05,23.65,22.99,-0.03,22.77,21.46,-0.06,20.39,21.66,0.06,20.66,20.02,-0.03,19.86,20.05,0.01
2026-04-15,000547.XSHE,航天发展,国防军工I,27.18,27.67,0.02,27.3,27.4,0.0,27.12,26.98,-0.01,26.88,28.75,0.07,28.7,28.01,-0.02,27.46,27.2,-0.01,27.0,26.22,-0.03,26.12,26.3,0.01,26.0,25.34,-0.03,25.06,23.5,-0.06,23.5,24.06,0.02
2026-04-15,600879.XSHG,航天电子,国防军工I,22.77,23.2,0.02,23.21,23.16,-0.0,23.02,23.42,0.02,23.49,25.53,0.09,25.54,25.52,-0.0,24.69,25.21,0.02,25.1,25.02,-0.0,24.85,23.62,-0.05,23.43,23.39,-0.0,23.4,22.34,-0.05,22.5,23.07,0.03
2026-04-15,002149.XSHE,西部材料,有色金属I,52.0,53.65,0.03,53.04,53.64,0.01,53.11,54.8,0.03,54.81,60.28,0.1,62.79,61.33,-0.02,59.01,64.1,0.09,63.98,64.33,0.01,62.67,57.9,-0.08,57.4,57.88,0.01,56.1,56.6,0.01,56.59,57.74,0.02
2026-04-16,600875.XSHG,东方电气,电气设备I,38.87,42.04,0.08,42.5,41.72,-0.02,41.36,42.51,0.03,42.13,42.01,-0.0,41.9,42.21,0.01,43.98,43.82,-0.0,44.05,41.47,-0.06,41.48,40.35,-0.03,39.98,39.54,-0.01,39.4,39.96,0.01,40.65,39.01,-0.04
2026-04-16,600176.XSHG,中国巨石,建筑材料I,32.12,33.0,0.03,32.65,33.5,0.03,33.08,31.71,-0.04,31.71,31.75,0.0,31.5,32.25,0.02,32.8,33.52,0.02,33.5,33.0,-0.01,33.88,33.44,-0.01,33.62,34.5,0.03,34.18,35.7,0.04,35.65,34.5,-0.03
2026-04-16,300014.XSHE,亿纬锂能,电气设备I,70.76,70.74,-0.0,70.24,69.62,-0.01,69.58,68.73,-0.01,69.09,71.74,0.04,71.65,71.54,-0.0,71.75,71.63,-0.0,71.66,72.57,0.01,72.98,71.19,-0.02,70.82,70.19,-0.01,69.96,73.85,0.06,73.25,72.35,-0.01
2026-04-16,603629.XSHG,利通电子,电子I,87.95,95.85,0.09,96.61,105.44,0.09,108.0,107.28,-0.01,104.0,101.19,-0.03,101.3,108.2,0.07,108.0,116.48,0.08,111.68,109.42,-0.02,107.11,108.5,0.01,119.35,119.35,0.0,130.99,131.29,0.0,142.32,144.41,0.01
2026-04-16,600111.XSHG,北方稀土,有色金属I,49.59,49.39,-0.0,49.0,49.22,0.0,49.3,50.89,0.03,50.99,50.6,-0.01,50.2,50.15,-0.0,49.6,47.16,-0.05,47.0,47.24,0.01,47.01,46.83,-0.0,46.9,46.32,-0.01,47.5,50.95,0.07,51.88,53.04,0.02
2026-04-16,600410.XSHG,华胜天成,计算机I,27.1,27.99,0.03,27.78,28.94,0.04,29.4,28.99,-0.01,28.58,27.9,-0.02,27.93,28.73,0.03,28.43,27.52,-0.03,27.12,27.19,0.0,26.9,26.0,-0.03,23.42,23.4,-0.0,21.82,22.51,0.03,22.31,21.92,-0.02
2026-04-16,600549.XSHG,厦门钨业,有色金属I,56.3,61.88,0.1,62.17,62.85,0.01,62.26,63.65,0.02,63.03,63.99,0.02,63.7,66.3,0.04,66.35,62.65,-0.06,60.7,61.78,0.02,60.5,56.79,-0.06,57.0,54.97,-0.04,55.06,59.47,0.08,58.5,57.78,-0.01
2026-04-16,002466.XSHE,天齐锂业,有色金属I,62.55,65.32,0.04,65.78,66.65,0.01,66.0,66.82,0.01,70.0,70.71,0.01,70.0,70.73,0.01,70.09,67.97,-0.03,67.9,73.7,0.09,73.5,73.65,0.0,74.61,72.53,-0.03,73.0,75.52,0.03,75.0,80.03,0.07
2026-04-16,002342.XSHE,巨力索具,机械设备I,18.01,18.51,0.03,18.07,19.06,0.05,19.2,19.47,0.01,19.0,21.42,0.13,20.32,20.15,-0.01,19.63,18.96,-0.03,18.78,19.05,0.01,18.29,18.42,0.01,18.44,18.48,0.0,18.13,18.9,0.04,18.93,19.81,0.05
2026-04-16,002594.XSHE,比亚迪,汽车I,103.28,105.54,0.02,104.99,103.78,-0.01,103.78,102.91,-0.01,102.91,101.53,-0.01,101.11,101.62,0.01,101.57,99.98,-0.02,99.91,99.46,-0.0,100.0,102.34,0.02,101.85,101.48,-0.0,101.47,105.4,0.04,104.54,102.98,-0.01
2026-04-16,300442.XSHE,润泽科技,通信I,90.26,95.78,0.06,94.0,94.29,0.0,94.5,95.2,0.01,93.94,90.05,-0.04,89.98,93.5,0.04,92.88,95.87,0.03,94.78,92.95,-0.02,93.01,90.12,-0.03,90.5,88.31,-0.02,87.38,90.44,0.04,89.98,89.06,-0.01
2026-04-16,300017.XSHE,网宿科技,计算机I,18.49,19.14,0.04,18.68,18.9,0.01,18.8,18.66,-0.01,18.47,17.98,-0.03,18.3,19.13,0.05,19.01,18.9,-0.01,18.53,17.8,-0.04,17.65,16.89,-0.04,16.87,16.15,-0.04,16.17,16.45,0.02,16.3,16.0,-0.02
2026-04-16,300433.XSHE,蓝思科技,电子I,26.99,25.64,-0.05,25.46,25.99,0.02,26.88,27.2,0.01,27.06,26.84,-0.01,26.6,27.25,0.02,27.2,26.6,-0.02,26.44,25.96,-0.02,25.93,26.71,0.03,26.5,25.62,-0.03,25.37,25.82,0.02,25.72,25.69,-0.0
2026-04-16,300088.XSHE,长信科技,电子I,6.82,7.77,0.14,7.52,7.59,0.01,7.53,7.47,-0.01,7.4,7.18,-0.03,7.13,7.41,0.04,7.32,7.13,-0.03,7.04,7.05,0.0,7.01,7.06,0.01,6.87,6.57,-0.04,6.51,6.72,0.03,6.67,6.55,-0.02
2026-04-17,600703.XSHG,三安光电,电子I,12.13,13.34,0.1,13.5,13.65,0.01,13.64,13.58,-0.0,13.59,14.94,0.1,15.9,15.51,-0.02,15.35,15.11,-0.02,14.98,14.73,-0.02,14.52,13.99,-0.04,13.8,13.94,0.01,13.97,13.67,-0.02,14.06,14.68,0.04
2026-04-17,002428.XSHE,云南锗业,有色金属I,60.53,62.0,0.02,63.86,68.2,0.07,68.32,68.4,0.0,68.53,75.24,0.1,76.29,76.88,0.01,76.07,77.12,0.01,76.93,72.8,-0.05,72.6,69.68,-0.04,68.61,69.22,0.01,68.72,70.01,0.02,75.0,77.01,0.03
2026-04-17,688313.XSHG,仕佳光子,通信I,118.0,125.79,0.07,127.02,125.35,-0.01,124.15,136.35,0.1,138.91,145.98,0.05,144.8,139.3,-0.04,142.51,143.5,0.01,142.0,145.26,0.02,143.0,134.14,-0.06,130.29,131.16,0.01,135.0,131.82,-0.02,136.0,151.23,0.11
2026-04-17,300620.XSHE,光库科技,通信I,237.98,251.64,0.06,249.81,250.73,0.0,244.82,256.63,0.05,258.89,274.31,0.06,279.99,246.74,-0.12,241.85,237.66,-0.02,241.82,239.52,-0.01,236.74,238.52,0.01,233.0,235.07,0.01,239.81,237.78,-0.01,240.82,247.17,0.03
2026-04-17,002281.XSHE,光迅科技,通信I,110.99,116.83,0.05,122.0,120.05,-0.02,119.0,121.79,0.02,121.5,123.97,0.02,124.85,131.68,0.05,129.7,128.7,-0.01,131.34,134.52,0.02,131.92,137.0,0.04,132.53,132.87,0.0,135.52,144.28,0.06,147.16,150.82,0.02
2026-04-17,600666.XSHG,奥瑞德,电子I,6.85,7.09,0.04,7.07,7.16,0.01,6.89,6.74,-0.02,6.65,6.82,0.03,6.77,6.56,-0.03,6.44,5.99,-0.07,5.8,5.81,0.0,5.93,5.54,-0.07,5.42,5.55,0.02,5.58,5.24,-0.06,5.38,5.76,0.07
2026-04-17,601778.XSHG,晶科科技,公用事业I,7.0,6.91,-0.01,6.8,6.51,-0.04,6.42,6.35,-0.01,6.45,6.54,0.01,6.87,7.19,0.05,7.54,7.17,-0.05,7.14,6.94,-0.03,6.85,7.12,0.04,6.57,6.96,0.06,6.8,6.5,-0.04,6.72,7.15,0.06
2026-04-17,002837.XSHE,英维克,机械设备I,105.68,110.67,0.05,113.2,121.08,0.07,108.97,108.97,0.0,98.07,104.2,0.06,100.0,100.68,0.01,99.14,95.21,-0.04,94.21,96.0,0.02,95.8,92.84,-0.03,92.27,94.5,0.02,95.02,94.6,-0.0,96.03,97.77,0.02
2026-04-17,603259.XSHG,药明康德,医药生物I,105.0,99.39,-0.05,99.39,99.76,0.0,99.5,98.55,-0.01,98.2,99.25,0.01,99.92,100.19,0.0,99.03,100.08,0.01,99.96,100.52,0.01,110.5,110.57,0.0,111.0,111.18,0.0,110.0,109.55,-0.0,111.63,109.0,-0.02
2026-04-17,600519.XSHG,贵州茅台,食品饮料I,1400.0,1407.24,0.01,1403.0,1410.89,0.01,1411.0,1412.01,0.0,1415.0,1409.5,-0.0,1408.0,1419.0,0.01,1413.1,1458.49,0.03,1420.0,1403.2,-0.01,1402.0,1405.0,0.0,1405.0,1401.17,-0.0,1400.0,1384.79,-0.01,1365.1,1375.0,0.01
2026-04-17,300456.XSHE,赛微电子,电子I,52.45,55.45,0.06,55.53,54.98,-0.01,54.14,56.02,0.03,55.43,57.08,0.03,53.66,46.69,-0.13,47.29,45.63,-0.04,45.64,45.16,-0.01,45.77,45.58,-0.0,44.76,44.89,0.0,45.08,45.82,0.02,47.7,52.04,0.09
2026-04-17,688048.XSHG,长光华芯,电子I,307.0,328.01,0.07,306.99,309.18,0.01,301.3,310.76,0.03,322.0,372.91,0.16,383.9,367.0,-0.04,380.45,385.73,0.01,392.94,385.0,-0.02,393.93,364.59,-0.07,352.06,351.2,-0.0,372.0,352.03,-0.05,355.0,372.01,0.05
2026-04-17,300548.XSHE,长芯博创,通信I,246.09,260.05,0.06,253.5,256.38,0.01,253.98,264.85,0.04,267.0,279.26,0.05,279.33,270.96,-0.03,265.15,260.1,-0.02,260.1,255.14,-0.02,258.31,246.96,-0.04,246.08,247.5,0.01,254.5,256.69,0.01,261.0,252.48,-0.03
2026-04-17,002565.XSHE,顺灏股份,轻工制造I,17.86,18.92,0.06,18.95,20.29,0.07,22.32,22.32,0.0,22.76,21.95,-0.04,21.95,19.76,-0.1,19.55,19.8,0.01,19.01,18.57,-0.02,19.12,18.85,-0.01,18.28,18.52,0.01,18.32,19.02,0.04,18.89,19.2,0.02
2026-04-17,300475.XSHE,香农芯创,电子I,156.0,159.12,0.02,159.5,164.0,0.03,162.07,160.82,-0.01,159.8,162.12,0.01,164.44,156.39,-0.05,160.0,162.05,0.01,163.87,170.99,0.04,170.73,171.61,0.01,169.06,174.3,0.03,173.76,174.7,0.01,188.99,194.66,0.03
2026-04-20,600118.XSHG,中国卫星,国防军工I,85.99,94.52,0.1,98.0,100.2,0.02,93.91,97.58,0.04,96.3,102.0,0.06,99.96,96.3,-0.04,94.0,99.5,0.06,98.0,96.99,-0.01,96.01,97.93,0.02,97.01,102.8,0.06,102.0,107.1,0.05,108.4,107.3,-0.01
2026-04-20,600150.XSHG,中国船舶,国防军工I,33.12,35.28,0.07,35.44,36.32,0.02,36.0,36.48,0.01,36.52,38.6,0.06,38.6,38.8,0.01,38.8,38.41,-0.01,38.71,41.32,0.07,41.0,41.16,0.0,43.0,41.76,-0.03,41.02,41.18,0.0,40.99,40.61,-0.01
2026-04-20,601179.XSHG,中国西电,电气设备I,17.18,18.22,0.06,18.23,17.89,-0.02,17.9,17.95,0.0,17.96,18.02,0.0,17.71,17.21,-0.03,16.97,16.92,-0.0,16.91,17.2,0.02,17.15,17.15,0.0,17.15,16.92,-0.01,16.92,17.43,0.03,17.55,17.5,-0.0
2026-04-20,600522.XSHG,中天科技,通信I,28.9,30.95,0.07,31.0,32.44,0.05,32.54,34.82,0.07,34.0,34.07,0.0,34.0,33.21,-0.02,34.29,35.78,0.04,35.78,35.0,-0.02,34.2,34.28,0.0,34.3,33.12,-0.03,33.67,34.89,0.04,36.1,38.38,0.06
2026-04-20,603019.XSHG,中科曙光,计算机I,90.43,91.97,0.02,90.98,89.4,-0.02,89.0,91.84,0.03,92.95,91.68,-0.01,93.06,92.76,-0.0,94.76,94.24,-0.01,93.01,90.9,-0.02,90.37,90.42,0.0,90.98,92.96,0.02,96.0,99.8,0.04,99.8,98.75,-0.01
2026-04-20,002131.XSHE,利欧股份,机械设备I,7.92,8.31,0.05,8.18,8.01,-0.02,7.94,7.98,0.01,7.99,7.86,-0.02,7.3,7.37,0.01,7.09,6.8,-0.04,6.72,6.58,-0.02,6.49,6.57,0.01,6.62,6.45,-0.03,6.54,6.82,0.04,6.83,7.07,0.04
2026-04-20,603083.XSHG,剑桥科技,通信I,159.43,152.07,-0.05,150.6,160.93,0.07,157.96,171.92,0.09,169.74,164.08,-0.03,159.76,153.41,-0.04,155.4,153.36,-0.01,159.76,154.95,-0.03,154.27,170.45,0.1,178.73,174.7,-0.02,185.52,178.95,-0.04,181.8,183.79,0.01
2026-04-20,002371.XSHE,北方华创,电子I,447.0,471.23,0.05,471.96,450.36,-0.05,449.0,477.95,0.06,478.0,475.0,-0.01,475.03,472.7,-0.0,481.2,516.25,0.07,511.54,517.21,0.01,510.22,510.71,0.0,519.18,536.99,0.03,555.0,545.35,-0.02,555.0,552.14,-0.01
2026-04-20,600111.XSHG,北方稀土,有色金属I,49.3,50.89,0.03,50.99,50.6,-0.01,50.2,50.15,-0.0,49.6,47.16,-0.05,47.0,47.24,0.01,47.01,46.83,-0.0,46.9,46.32,-0.01,47.5,50.95,0.07,51.88,53.04,0.02,53.12,55.52,0.05,55.53,55.31,-0.0
2026-04-20,000977.XSHE,浪潮信息,计算机I,69.45,73.12,0.05,71.01,71.37,0.01,71.65,74.2,0.04,74.32,73.83,-0.01,73.78,74.85,0.01,75.0,73.16,-0.02,73.0,70.83,-0.03,70.48,72.28,0.03,69.5,69.75,0.0,71.0,73.22,0.03,73.22,73.24,0.0
2026-04-20,600498.XSHG,烽火通信,通信I,50.6,52.97,0.05,52.05,53.05,0.02,53.16,56.26,0.06,56.0,55.01,-0.02,54.45,52.26,-0.04,51.05,51.6,0.01,51.15,52.3,0.02,51.31,51.5,0.0,49.2,46.68,-0.05,47.4,48.59,0.03,49.81,51.82,0.04
2026-04-20,600089.XSHG,特变电工,电气设备I,27.34,27.89,0.02,27.9,27.55,-0.01,27.42,27.49,0.0,27.6,27.68,0.0,27.5,26.96,-0.02,26.92,26.52,-0.01,26.45,26.84,0.01,26.85,27.25,0.01,27.22,26.82,-0.01,26.9,27.78,0.03,27.85,27.8,-0.0
2026-04-20,600879.XSHG,航天电子,国防军工I,23.49,25.53,0.09,25.54,25.52,-0.0,24.69,25.21,0.02,25.1,25.02,-0.0,24.85,23.62,-0.05,23.43,23.39,-0.0,23.4,22.34,-0.05,22.5,23.07,0.03,23.07,23.97,0.04,24.08,25.17,0.05,25.25,25.31,0.0
2026-04-20,002202.XSHE,金风科技,电气设备I,25.14,26.59,0.06,26.4,26.13,-0.01,25.88,26.23,0.01,26.45,25.7,-0.03,25.66,25.48,-0.01,26.21,26.53,0.01,26.45,25.51,-0.04,25.23,25.73,0.02,26.51,27.55,0.04,28.0,27.94,-0.0,27.95,28.46,0.02
2026-04-21,688270.XSHG,ST臻镭,电子I,152.0,147.76,-0.03,145.7,153.68,0.05,158.8,158.73,-0.0,159.49,154.92,-0.03,152.0,144.89,-0.05,147.0,130.17,-0.11,125.0,121.05,-0.03,122.48,130.38,0.06,131.93,133.41,0.01,135.0,134.45,-0.0,133.3,135.61,0.02
2026-04-21,601698.XSHG,中国卫通,国防军工I,38.61,38.17,-0.01,37.0,37.71,0.02,37.7,38.2,0.01,38.2,36.09,-0.06,35.7,36.84,0.03,36.58,35.11,-0.04,34.95,35.61,0.02,35.19,36.67,0.04,36.67,37.83,0.03,37.9,37.83,-0.0,37.6,39.8,0.06
2026-04-21,300014.XSHE,亿纬锂能,电气设备I,69.09,71.74,0.04,71.65,71.54,-0.0,71.75,71.63,-0.0,71.66,72.57,0.01,72.98,71.19,-0.02,70.82,70.19,-0.01,69.96,73.85,0.06,73.25,72.35,-0.01,72.8,75.29,0.03,75.3,71.57,-0.05,71.16,69.67,-0.02
2026-04-21,300450.XSHE,先导智能,电气设备I,56.99,58.58,0.03,58.02,58.8,0.01,58.8,57.08,-0.03,57.08,56.96,-0.0,56.9,57.43,0.01,57.43,55.36,-0.04,52.99,55.81,0.05,55.55,55.22,-0.01,55.1,57.01,0.03,57.01,56.31,-0.01,55.89,54.75,-0.02
2026-04-21,002709.XSHE,天赐材料,电气设备I,49.52,52.5,0.06,52.5,51.81,-0.01,51.8,49.14,-0.05,49.15,52.75,0.07,52.79,54.95,0.04,56.19,53.93,-0.04,54.12,59.32,0.1,59.59,60.51,0.02,60.58,64.0,0.06,63.66,62.8,-0.01,61.62,58.41,-0.05
2026-04-21,600330.XSHG,天通股份,电子I,23.9,23.52,-0.02,23.45,25.87,0.1,26.98,25.6,-0.05,25.31,25.89,0.02,27.6,27.42,-0.01,27.01,26.42,-0.02,25.8,25.66,-0.01,25.79,27.89,0.08,27.1,27.01,-0.0,27.01,27.98,0.04,27.8,29.16,0.05
2026-04-21,002466.XSHE,天齐锂业,有色金属I,70.0,70.71,0.01,70.0,70.73,0.01,70.09,67.97,-0.03,67.9,73.7,0.09,73.5,73.65,0.0,74.61,72.53,-0.03,73.0,75.52,0.03,75.0,80.03,0.07,80.03,81.71,0.02,80.28,79.06,-0.02,78.3,76.05,-0.03
2026-04-21,002342.XSHE,巨力索具,机械设备I,19.0,21.42,0.13,20.32,20.15,-0.01,19.63,18.96,-0.03,18.78,19.05,0.01,18.29,18.42,0.01,18.44,18.48,0.0,18.13,18.9,0.04,18.93,19.81,0.05,19.65,20.11,0.02,19.9,22.12,0.11,22.12,22.11,-0.0
2026-04-21,300442.XSHE,润泽科技,通信I,93.94,90.05,-0.04,89.98,93.5,0.04,92.88,95.87,0.03,94.78,92.95,-0.02,93.01,90.12,-0.03,90.5,88.31,-0.02,87.38,90.44,0.04,89.98,89.06,-0.01,93.0,96.21,0.03,96.3,97.45,0.01,96.01,98.08,0.02
2026-04-21,600183.XSHG,生益科技,电子I,69.51,72.55,0.04,72.54,76.0,0.05,76.01,74.95,-0.01,74.2,72.63,-0.02,74.0,76.67,0.04,77.34,76.62,-0.01,76.66,78.0,0.02,79.0,76.51,-0.03,78.8,80.81,0.03,82.42,82.0,-0.01,80.53,82.0,0.02
2026-04-21,688820.XSHG,盛合晶微,电子I,99.72,76.65,-0.23,76.01,95.0,0.25,94.5,88.6,-0.06,90.5,93.82,0.04,96.5,101.1,0.05,100.0,93.0,-0.07,91.07,92.5,0.02,93.79,103.0,0.1,108.13,107.1,-0.01,106.2,119.0,0.12,115.0,127.0,0.1
2026-04-21,002149.XSHE,西部材料,有色金属I,62.79,61.33,-0.02,59.01,64.1,0.09,63.98,64.33,0.01,62.67,57.9,-0.08,57.4,57.88,0.01,56.1,56.6,0.01,56.59,57.74,0.02,57.46,63.51,0.11,65.42,69.86,0.07,71.0,73.47,0.03,72.78,72.44,-0.0
2026-04-21,002460.XSHE,赣锋锂业,有色金属I,83.8,83.36,-0.01,81.85,82.22,0.0,82.25,79.88,-0.03,79.95,84.99,0.06,84.0,84.11,0.0,84.12,82.1,-0.02,81.81,86.9,0.06,87.0,88.68,0.02,90.35,91.45,0.01,90.75,88.0,-0.03,87.95,84.77,-0.04
2026-04-22,300059.XSHE,东方财富,非银金融I,19.86,20.18,0.02,20.1,19.89,-0.01,19.85,19.7,-0.01,19.84,19.98,0.01,19.9,20.16,0.01,20.02,20.26,0.01,20.25,20.36,0.01,20.4,20.85,0.02,21.0,20.73,-0.01,20.6,20.49,-0.01,20.45,21.28,0.04
2026-04-22,000063.XSHE,中兴通讯,通信I,35.08,37.34,0.06,37.2,36.85,-0.01,36.57,36.38,-0.01,35.8,37.26,0.04,37.0,36.01,-0.03,35.82,36.42,0.02,36.21,36.7,0.01,37.51,38.25,0.02,38.6,38.9,0.01,38.52,38.68,0.0,39.2,39.11,-0.0
2026-04-22,000657.XSHE,中钨高新,有色金属I,57.74,58.13,0.01,57.78,56.57,-0.02,55.31,55.18,-0.0,54.01,53.83,-0.0,53.82,52.1,-0.03,52.07,57.31,0.1,58.0,58.19,0.0,58.47,61.99,0.06,62.88,63.19,0.0,61.8,60.47,-0.02,60.0,60.64,0.01
2026-04-22,300620.XSHE,光库科技,通信I,258.89,274.31,0.06,279.99,246.74,-0.12,241.85,237.66,-0.02,241.82,239.52,-0.01,236.74,238.52,0.01,233.0,235.07,0.01,239.81,237.78,-0.01,240.82,247.17,0.03,247.24,259.61,0.05,249.81,258.91,0.04,263.7,265.86,0.01
2026-04-22,002261.XSHE,拓维信息,计算机I,36.16,38.43,0.06,38.04,38.22,0.0,37.83,39.48,0.04,39.55,38.3,-0.03,36.88,35.03,-0.05,34.28,34.91,0.02,34.97,35.44,0.01,36.16,37.6,0.04,37.62,37.75,0.0,36.56,35.87,-0.02,36.28,35.22,-0.03
2026-04-22,600961.XSHG,株冶集团,有色金属I,27.77,29.18,0.05,28.58,29.16,0.02,28.91,30.22,0.05,30.69,29.06,-0.05,29.18,27.39,-0.06,27.46,27.71,0.01,27.47,26.49,-0.04,26.74,27.51,0.03,28.2,29.46,0.04,28.88,29.88,0.03,29.89,30.35,0.02
2026-04-22,600498.XSHG,烽火通信,通信I,53.16,56.26,0.06,56.0,55.01,-0.02,54.45,52.26,-0.04,51.05,51.6,0.01,51.15,52.3,0.02,51.31,51.5,0.0,49.2,46.68,-0.05,47.4,48.59,0.03,49.81,51.82,0.04,51.0,57.0,0.12,60.0,58.61,-0.02
2026-04-22,000938.XSHE,紫光股份,计算机I,27.52,29.92,0.09,30.52,31.2,0.02,30.88,31.32,0.01,31.98,32.19,0.01,31.85,31.58,-0.01,32.5,32.42,-0.0,32.66,31.99,-0.02,32.47,31.85,-0.02,32.08,32.93,0.03,32.39,33.17,0.02,33.78,31.69,-0.06
2026-04-22,300017.XSHE,网宿科技,计算机I,18.3,19.13,0.05,19.01,18.9,-0.01,18.53,17.8,-0.04,17.65,16.89,-0.04,16.87,16.15,-0.04,16.17,16.45,0.02,16.3,16.0,-0.02,16.31,17.3,0.06,17.3,17.58,0.02,17.68,17.88,0.01,18.1,17.87,-0.01
2026-04-22,002837.XSHE,英维克,机械设备I,98.07,104.2,0.06,100.0,100.68,0.01,99.14,95.21,-0.04,94.21,96.0,0.02,95.8,92.84,-0.03,92.27,94.5,0.02,95.02,94.6,-0.0,96.03,97.77,0.02,98.5,102.53,0.04,101.0,102.28,0.01,102.4,102.16,-0.0
2026-04-22,688048.XSHG,长光华芯,电子I,322.0,372.91,0.16,383.9,367.0,-0.04,380.45,385.73,0.01,392.94,385.0,-0.02,393.93,364.59,-0.07,352.06,351.2,-0.0,372.0,352.03,-0.05,355.0,372.01,0.05,364.65,392.87,0.08,376.88,438.88,0.16,438.89,433.3,-0.01
2026-04-22,002565.XSHE,顺灏股份,轻工制造I,22.76,21.95,-0.04,21.95,19.76,-0.1,19.55,19.8,0.01,19.01,18.57,-0.02,19.12,18.85,-0.01,18.28,18.52,0.01,18.32,19.02,0.04,18.89,19.2,0.02,19.7,19.86,0.01,19.4,20.64,0.06,20.74,21.79,0.05
2026-04-23,600703.XSHG,三安光电,电子I,15.9,15.51,-0.02,15.35,15.11,-0.02,14.98,14.73,-0.02,14.52,13.99,-0.04,13.8,13.94,0.01,13.97,13.67,-0.02,14.06,14.68,0.04,14.68,15.14,0.03,14.95,15.28,0.02,15.62,16.04,0.03,16.11,16.72,0.04
2026-04-23,600875.XSHG,东方电气,电气设备I,43.98,43.82,-0.0,44.05,41.47,-0.06,41.48,40.35,-0.03,39.98,39.54,-0.01,39.4,39.96,0.01,40.65,39.01,-0.04,39.65,40.64,0.02,41.04,40.12,-0.02,39.4,37.72,-0.04,37.72,38.06,0.01,38.15,38.5,0.01
2026-04-23,600150.XSHG,中国船舶,国防军工I,36.52,38.6,0.06,38.6,38.8,0.01,38.8,38.41,-0.01,38.71,41.32,0.07,41.0,41.16,0.0,43.0,41.76,-0.03,41.02,41.18,0.0,40.99,40.61,-0.01,40.6,41.15,0.01,40.89,41.18,0.01,41.2,40.5,-0.02
2026-04-23,002428.XSHE,云南锗业,有色金属I,76.29,76.88,0.01,76.07,77.12,0.01,76.93,72.8,-0.05,72.6,69.68,-0.04,68.61,69.22,0.01,68.72,70.01,0.02,75.0,77.01,0.03,77.01,80.2,0.04,79.77,86.07,0.08,88.5,92.2,0.04,91.28,101.42,0.11
2026-04-23,600111.XSHG,北方稀土,有色金属I,49.6,47.16,-0.05,47.0,47.24,0.01,47.01,46.83,-0.0,46.9,46.32,-0.01,47.5,50.95,0.07,51.88,53.04,0.02,53.12,55.52,0.05,55.53,55.31,-0.0,54.8,54.75,-0.0,54.91,57.85,0.05,57.9,54.44,-0.06
2026-04-23,002008.XSHE,大族激光,机械设备I,95.0,103.6,0.09,103.6,102.46,-0.01,100.99,104.67,0.04,103.0,105.22,0.02,104.0,103.34,-0.01,102.31,100.72,-0.02,101.1,102.19,0.01,102.07,112.41,0.1,115.4,122.06,0.06,124.5,134.27,0.08,134.2,134.66,0.0
2026-04-23,600330.XSHG,天通股份,电子I,26.98,25.6,-0.05,25.31,25.89,0.02,27.6,27.42,-0.01,27.01,26.42,-0.02,25.8,25.66,-0.01,25.79,27.89,0.08,27.1,27.01,-0.0,27.01,27.98,0.04,27.8,29.16,0.05,30.0,32.08,0.07,33.97,32.66,-0.04
2026-04-23,300342.XSHE,天银机电,家用电器I,67.98,72.31,0.06,71.04,70.87,-0.0,68.58,71.8,0.05,71.8,67.83,-0.06,67.78,68.24,0.01,67.08,68.29,0.02,68.32,72.59,0.06,72.47,64.97,-0.1,64.54,68.38,0.06,68.38,65.08,-0.05,65.08,62.08,-0.05
2026-04-23,600105.XSHG,永鼎股份,通信I,48.1,48.5,0.01,48.5,49.01,0.01,49.91,48.52,-0.03,48.6,44.85,-0.08,44.61,43.32,-0.03,43.84,42.41,-0.03,43.31,43.68,0.01,44.72,47.52,0.06,46.09,49.94,0.08,50.58,51.4,0.02,51.63,52.32,0.01
2026-04-23,301308.XSHE,江波龙,电子I,391.05,358.19,-0.08,359.01,373.19,0.04,374.93,393.46,0.05,399.99,381.7,-0.05,381.1,414.3,0.09,410.0,401.12,-0.02,432.0,481.34,0.11,490.0,483.33,-0.01,474.64,479.99,0.01,528.0,556.66,0.05,547.17,561.64,0.03
2026-04-23,300442.XSHE,润泽科技,通信I,92.88,95.87,0.03,94.78,92.95,-0.02,93.01,90.12,-0.03,90.5,88.31,-0.02,87.38,90.44,0.04,89.98,89.06,-0.01,93.0,96.21,0.03,96.3,97.45,0.01,96.01,98.08,0.02,102.98,97.91,-0.05,96.68,91.38,-0.05
2026-04-23,300395.XSHE,菲利华,国防军工I,124.01,110.19,-0.11,110.19,108.05,-0.02,110.11,108.7,-0.01,108.0,107.09,-0.01,105.6,111.57,0.06,112.51,108.98,-0.03,111.23,115.96,0.04,117.0,128.52,0.1,124.68,128.66,0.03,133.0,131.45,-0.01,135.8,148.16,0.09
2026-04-23,300456.XSHE,赛微电子,电子I,53.66,46.69,-0.13,47.29,45.63,-0.04,45.64,45.16,-0.01,45.77,45.58,-0.0,44.76,44.89,0.0,45.08,45.82,0.02,47.7,52.04,0.09,51.95,52.83,0.02,53.33,51.08,-0.04,51.44,50.77,-0.01,50.8,49.15,-0.03
2026-04-23,300548.XSHE,长芯博创,通信I,279.33,270.96,-0.03,265.15,260.1,-0.02,260.1,255.14,-0.02,258.31,246.96,-0.04,246.08,247.5,0.01,254.5,256.69,0.01,261.0,252.48,-0.03,265.0,273.29,0.03,263.0,274.71,0.04,278.46,275.67,-0.01,278.0,271.8,-0.02
2026-04-24,603019.XSHG,中科曙光,计算机I,93.06,92.76,-0.0,94.76,94.24,-0.01,93.01,90.9,-0.02,90.37,90.42,0.0,90.98,92.96,0.02,96.0,99.8,0.04,99.8,98.75,-0.01,97.99,96.3,-0.02,99.0,100.05,0.01,99.86,97.42,-0.02,96.0,100.71,0.05
2026-04-24,688981.XSHG,中芯国际,电子I,105.58,110.96,0.05,113.25,116.58,0.03,115.24,114.0,-0.01,113.35,112.47,-0.01,113.31,118.73,0.05,122.0,123.1,0.01,125.11,125.34,0.0,122.9,120.31,-0.02,122.99,122.52,-0.0,124.44,121.98,-0.02,119.0,121.86,0.02
2026-04-24,688313.XSHG,仕佳光子,通信I,142.51,143.5,0.01,142.0,145.26,0.02,143.0,134.14,-0.06,130.29,131.16,0.01,135.0,131.82,-0.02,136.0,151.23,0.11,150.0,169.22,0.13,165.0,176.6,0.07,176.67,178.6,0.01,184.0,180.97,-0.02,175.55,179.66,0.02
2026-04-24,002371.XSHE,北方华创,电子I,475.03,472.7,-0.0,481.2,516.25,0.07,511.54,517.21,0.01,510.22,510.71,0.0,519.18,536.99,0.03,555.0,545.35,-0.02,555.0,552.14,-0.01,543.0,540.79,-0.0,549.98,573.19,0.04,573.19,581.45,0.01,570.99,581.0,0.02
2026-04-24,002407.XSHE,多氟多,化工I,30.54,33.04,0.08,33.63,34.52,0.03,34.18,33.76,-0.01,33.33,35.87,0.08,35.9,36.31,0.01,35.95,38.12,0.06,37.4,37.54,0.0,37.04,34.99,-0.06,34.95,35.48,0.02,35.49,34.32,-0.03,34.32,34.24,-0.0
2026-04-24,300390.XSHE,天华新能,电气设备I,80.3,91.0,0.13,90.09,94.23,0.05,93.84,92.99,-0.01,92.0,110.5,0.2,109.32,110.5,0.01,113.0,114.7,0.02,113.0,111.08,-0.02,110.0,103.45,-0.06,104.0,105.5,0.01,104.94,101.74,-0.03,102.0,99.81,-0.02
2026-04-24,002466.XSHE,天齐锂业,有色金属I,67.9,73.7,0.09,73.5,73.65,0.0,74.61,72.53,-0.03,73.0,75.52,0.03,75.0,80.03,0.07,80.03,81.71,0.02,80.28,79.06,-0.02,78.3,76.05,-0.03,76.83,77.37,0.01,77.86,74.75,-0.04,74.01,74.38,0.0
2026-04-24,002261.XSHE,拓维信息,计算机I,37.83,39.48,0.04,39.55,38.3,-0.03,36.88,35.03,-0.05,34.28,34.91,0.02,34.97,35.44,0.01,36.16,37.6,0.04,37.62,37.75,0.0,36.56,35.87,-0.02,36.28,35.22,-0.03,35.18,34.01,-0.03,33.7,35.23,0.05
2026-04-24,601778.XSHG,晶科科技,公用事业I,7.54,7.17,-0.05,7.14,6.94,-0.03,6.85,7.12,0.04,6.57,6.96,0.06,6.8,6.5,-0.04,6.72,7.15,0.06,7.36,7.42,0.01,7.41,7.39,-0.0,7.5,7.3,-0.03,7.38,7.1,-0.04,7.09,7.14,0.01
2026-04-24,000977.XSHE,浪潮信息,计算机I,73.78,74.85,0.01,75.0,73.16,-0.02,73.0,70.83,-0.03,70.48,72.28,0.03,69.5,69.75,0.0,71.0,73.22,0.03,73.22,73.24,0.0,72.13,76.48,0.06,77.1,76.0,-0.01,76.5,73.13,-0.04,72.66,77.38,0.06
2026-04-24,688808.XSHG,联讯仪器,机械设备I,736.92,799.0,0.08,820.0,880.0,0.07,869.88,864.99,-0.01,851.0,928.0,0.09,911.0,1033.33,0.13,1018.0,1018.0,0.0,1000.03,1130.0,0.13,1079.0,1139.0,0.06,1170.0,1176.0,0.01,1175.0,1117.0,-0.05,1101.0,1141.0,0.04
2026-04-24,688521.XSHG,芯原股份,电子I,235.0,228.71,-0.03,234.8,242.04,0.03,242.0,229.17,-0.05,224.02,234.07,0.04,260.0,280.88,0.08,292.0,278.6,-0.05,275.0,275.0,0.0,271.0,262.0,-0.03,272.0,267.4,-0.02,263.6,271.99,0.03,262.44,277.5,0.06
2026-04-24,600519.XSHG,贵州茅台,食品饮料I,1413.1,1458.49,0.03,1420.0,1403.2,-0.01,1402.0,1405.0,0.0,1405.0,1401.17,-0.0,1400.0,1384.79,-0.01,1365.1,1375.0,0.01,1375.0,1371.05,-0.0,1371.66,1372.99,0.0,1372.89,1361.33,-0.01,1362.0,1354.55,-0.01,1354.5,1344.09,-0.01
2026-04-24,002460.XSHE,赣锋锂业,有色金属I,79.95,84.99,0.06,84.0,84.11,0.0,84.12,82.1,-0.02,81.81,86.9,0.06,87.0,88.68,0.02,90.35,91.45,0.01,90.75,88.0,-0.03,87.95,84.77,-0.04,86.0,85.18,-0.01,85.84,83.65,-0.03,83.66,82.99,-0.01
2026-04-24,002565.XSHE,顺灏股份,轻工制造I,19.55,19.8,0.01,19.01,18.57,-0.02,19.12,18.85,-0.01,18.28,18.52,0.01,18.32,19.02,0.04,18.89,19.2,0.02,19.7,19.86,0.01,19.4,20.64,0.06,20.74,21.79,0.05,21.48,19.95,-0.07,19.97,20.27,0.02
2026-04-24,300475.XSHE,香农芯创,电子I,160.0,162.05,0.01,163.87,170.99,0.04,170.73,171.61,0.01,169.06,174.3,0.03,173.76,174.7,0.01,188.99,194.66,0.03,194.77,189.18,-0.03,183.95,181.02,-0.02,191.0,193.58,0.01,192.0,184.61,-0.04,181.46,194.64,0.07
2026-04-27,000063.XSHE,中兴通讯,通信I,35.8,37.26,0.04,37.0,36.01,-0.03,35.82,36.42,0.02,36.21,36.7,0.01,37.51,38.25,0.02,38.6,38.9,0.01,38.52,38.68,0.0,39.2,39.11,-0.0,38.9,38.09,-0.02,37.85,38.83,0.03,39.61,37.56,-0.05
2026-04-27,688012.XSHG,中微公司,电子I,329.13,352.01,0.07,353.02,362.27,0.03,358.92,359.76,0.0,360.0,376.3,0.05,400.0,383.3,-0.04,390.0,384.6,-0.01,380.0,370.0,-0.03,377.05,383.64,0.02,384.0,388.45,0.01,376.0,405.6,0.08,407.98,387.17,-0.05
2026-04-27,600330.XSHG,天通股份,电子I,27.6,27.42,-0.01,27.01,26.42,-0.02,25.8,25.66,-0.01,25.79,27.89,0.08,27.1,27.01,-0.0,27.01,27.98,0.04,27.8,29.16,0.05,30.0,32.08,0.07,33.97,32.66,-0.04,32.0,35.07,0.1,34.39,32.8,-0.05
2026-04-27,002812.XSHE,恩捷股份,电气设备I,80.24,80.85,0.01,80.86,78.51,-0.03,78.53,84.47,0.08,84.0,82.95,-0.01,83.78,87.55,0.04,87.0,85.31,-0.02,83.78,81.27,-0.03,80.3,81.79,0.02,81.5,83.42,0.02,81.99,81.43,-0.01,79.93,75.78,-0.05
2026-04-27,002594.XSHE,比亚迪,汽车I,100.0,102.34,0.02,101.85,101.48,-0.0,101.47,105.4,0.04,104.54,102.98,-0.01,101.7,100.75,-0.01,101.05,100.46,-0.01,100.47,100.02,-0.0,100.02,100.44,0.0,99.97,99.23,-0.01,99.23,98.6,-0.01,99.0,98.73,-0.0
2026-04-27,301308.XSHE,江波龙,电子I,374.93,393.46,0.05,399.99,381.7,-0.05,381.1,414.3,0.09,410.0,401.12,-0.02,432.0,481.34,0.11,490.0,483.33,-0.01,474.64,479.99,0.01,528.0,556.66,0.05,547.17,561.64,0.03,552.0,611.9,0.11,605.79,599.0,-0.01
2026-04-27,600498.XSHG,烽火通信,通信I,51.05,51.6,0.01,51.15,52.3,0.02,51.31,51.5,0.0,49.2,46.68,-0.05,47.4,48.59,0.03,49.81,51.82,0.04,51.0,57.0,0.12,60.0,58.61,-0.02,58.61,59.01,0.01,58.96,60.82,0.03,60.81,59.17,-0.03
2026-04-27,002156.XSHE,通富微电,电子I,50.86,51.2,0.01,50.85,50.25,-0.01,49.3,49.5,0.0,50.98,51.77,0.02,56.95,56.95,0.0,60.8,59.08,-0.03,58.31,57.16,-0.02,60.01,61.22,0.02,61.22,59.48,-0.03,57.89,60.86,0.05,60.93,57.4,-0.06
2026-04-27,002202.XSHE,金风科技,电气设备I,26.21,26.53,0.01,26.45,25.51,-0.04,25.23,25.73,0.02,26.51,27.55,0.04,28.0,27.94,-0.0,27.95,28.46,0.02,28.09,28.49,0.01,28.9,28.16,-0.03,28.06,27.27,-0.03,27.07,27.8,0.03,27.95,26.03,-0.07
2026-04-27,300604.XSHE,长川科技,电子I,160.83,175.02,0.09,176.46,179.31,0.02,178.84,174.3,-0.03,176.29,174.2,-0.01,177.7,176.2,-0.01,177.78,185.8,0.05,180.01,182.01,0.01,186.0,218.41,0.17,219.99,213.08,-0.03,210.12,228.0,0.09,225.0,208.87,-0.07
2026-04-27,601869.XSHG,长飞光纤,通信I,378.0,377.5,-0.0,370.51,373.49,0.01,365.0,370.52,0.02,359.1,353.9,-0.01,362.0,361.05,-0.0,380.11,389.2,0.02,373.38,397.23,0.06,404.4,400.31,-0.01,406.05,411.46,0.01,393.0,406.96,0.04,410.82,404.7,-0.01
2026-04-27,300274.XSHE,阳光电源,电气设备I,131.07,130.76,-0.0,125.07,129.27,0.03,128.38,137.41,0.07,137.81,136.75,-0.01,137.02,139.86,0.02,139.94,138.83,-0.01,137.4,139.18,0.01,139.49,143.35,0.03,144.0,139.85,-0.03,139.5,142.65,0.02,142.65,135.03,-0.05
2026-04-28,300059.XSHE,东方财富,非银金融I,19.9,20.16,0.01,20.02,20.26,0.01,20.25,20.36,0.01,20.4,20.85,0.02,21.0,20.73,-0.01,20.6,20.49,-0.01,20.45,21.28,0.04,21.14,21.27,0.01,21.12,21.08,-0.0,21.09,20.18,-0.04,20.17,19.73,-0.02
2026-04-28,600030.XSHG,中信证券,非银金融I,26.85,27.3,0.02,27.15,27.32,0.01,27.23,27.22,-0.0,27.29,27.49,0.01,27.63,27.23,-0.01,27.1,26.95,-0.01,26.83,27.33,0.02,27.35,27.22,-0.0,27.15,27.15,0.0,27.2,26.66,-0.02,26.76,26.35,-0.02
2026-04-28,600150.XSHG,中国船舶,国防军工I,38.71,41.32,0.07,41.0,41.16,0.0,43.0,41.76,-0.03,41.02,41.18,0.0,40.99,40.61,-0.01,40.6,41.15,0.01,40.89,41.18,0.01,41.2,40.5,-0.02,40.6,41.77,0.03,41.56,40.22,-0.03,40.8,40.55,-0.01
2026-04-28,000066.XSHE,中国长城,计算机I,16.63,17.83,0.07,17.33,18.02,0.04,19.0,19.82,0.04,21.8,21.8,0.0,23.29,23.98,0.03,23.78,23.09,-0.03,24.52,23.4,-0.05,23.52,25.36,0.08,24.71,25.19,0.02,25.38,22.67,-0.11,21.51,20.5,-0.05
2026-04-28,603083.XSHG,剑桥科技,通信I,159.76,154.95,-0.03,154.27,170.45,0.1,178.73,174.7,-0.02,185.52,178.95,-0.04,181.8,183.79,0.01,178.73,189.55,0.06,188.69,197.5,0.05,202.72,189.13,-0.07,186.38,191.35,0.03,204.69,191.58,-0.06,192.91,187.83,-0.03
2026-04-28,002008.XSHE,大族激光,机械设备I,103.0,105.22,0.02,104.0,103.34,-0.01,102.31,100.72,-0.02,101.1,102.19,0.01,102.07,112.41,0.1,115.4,122.06,0.06,124.5,134.27,0.08,134.2,134.66,0.0,138.32,148.13,0.07,153.0,149.23,-0.02,149.24,143.3,-0.04
2026-04-28,001309.XSHE,德明利,电子I,496.93,496.39,-0.0,491.22,522.93,0.06,517.71,524.81,0.01,570.0,577.29,0.01,603.0,616.51,0.02,599.23,597.71,-0.0,631.11,639.21,0.01,630.56,618.0,-0.02,595.24,679.8,0.14,699.0,721.65,0.03,722.01,712.06,-0.01
2026-04-28,301358.XSHE,湖南裕能,电气设备I,95.08,92.66,-0.03,92.66,107.0,0.15,105.0,102.24,-0.03,103.72,109.9,0.06,107.03,106.02,-0.01,103.82,97.25,-0.06,97.3,98.35,0.01,99.67,100.66,0.01,99.8,98.16,-0.02,98.16,94.35,-0.04,94.39,95.48,0.01
2026-04-28,688498.XSHG,源杰科技,电子I,1012.3,995.46,-0.02,985.89,1045.37,0.06,1059.17,1084.01,0.02,1096.43,1056.42,-0.04,1061.24,1124.03,0.06,1100.93,1086.77,-0.01,1099.19,1120.58,0.02,1150.94,1194.41,0.04,1148.87,1178.54,0.03,1173.02,1128.17,-0.04,1092.32,1075.73,-0.02
2026-04-28,002361.XSHE,神剑股份,化工I,20.66,20.02,-0.03,19.86,20.05,0.01,20.41,20.55,0.01,20.7,21.21,0.02,21.21,21.6,0.02,21.5,21.9,0.02,21.65,22.25,0.03,22.03,20.25,-0.08,20.01,20.67,0.03,20.68,18.72,-0.09,18.35,18.91,0.03
2026-04-28,603259.XSHG,药明康德,医药生物I,110.5,110.57,0.0,111.0,111.18,0.0,110.0,109.55,-0.0,111.63,109.0,-0.02,109.74,111.28,0.01,110.01,106.8,-0.03,106.65,108.72,0.02,108.0,110.33,0.02,110.44,108.92,-0.01,110.0,103.01,-0.06,104.77,103.13,-0.02
2026-04-28,688048.XSHG,长光华芯,电子I,393.93,364.59,-0.07,352.06,351.2,-0.0,372.0,352.03,-0.05,355.0,372.01,0.05,364.65,392.87,0.08,376.88,438.88,0.16,438.89,433.3,-0.01,444.44,431.49,-0.03,419.0,436.9,0.04,443.0,448.1,0.01,458.88,418.31,-0.09
2026-04-29,600176.XSHG,中国巨石,建筑材料I,34.18,35.7,0.04,35.65,34.5,-0.03,35.2,37.0,0.05,37.01,37.93,0.02,37.45,38.0,0.01,38.49,38.01,-0.01,37.9,37.82,-0.0,37.0,38.1,0.03,39.3,37.62,-0.04,37.6,33.86,-0.1,33.8,34.14,0.01
2026-04-29,601318.XSHG,中国平安,非银金融I,57.62,59.43,0.03,59.12,59.37,0.0,59.38,59.36,-0.0,59.6,60.04,0.01,59.9,60.06,0.0,59.78,60.1,0.01,60.1,59.4,-0.01,59.32,58.04,-0.02,58.26,56.9,-0.02,56.98,55.5,-0.03,55.4,54.89,-0.01
2026-04-29,300014.XSHE,亿纬锂能,电气设备I,69.96,73.85,0.06,73.25,72.35,-0.01,72.8,75.29,0.03,75.3,71.57,-0.05,71.16,69.67,-0.02,69.57,69.82,0.0,69.88,67.86,-0.03,67.77,68.27,0.01,68.9,65.3,-0.05,65.3,65.78,0.01,64.74,65.13,0.01
2026-04-29,600111.XSHG,北方稀土,有色金属I,47.5,50.95,0.07,51.88,53.04,0.02,53.12,55.52,0.05,55.53,55.31,-0.0,54.8,54.75,-0.0,54.91,57.85,0.05,57.9,54.44,-0.06,54.0,56.16,0.04,56.17,53.27,-0.05,53.3,53.78,0.01,52.6,51.7,-0.02
2026-04-29,603799.XSHG,华友钴业,有色金属I,63.05,67.08,0.06,66.43,66.02,-0.01,66.02,67.39,0.02,68.27,67.62,-0.01,66.86,65.43,-0.02,65.29,64.28,-0.02,64.49,62.33,-0.03,62.33,62.26,-0.0,62.25,59.79,-0.04,59.49,58.15,-0.02,57.5,57.81,0.01
2026-04-29,002407.XSHE,多氟多,化工I,33.33,35.87,0.08,35.9,36.31,0.01,35.95,38.12,0.06,37.4,37.54,0.0,37.04,34.99,-0.06,34.95,35.48,0.02,35.49,34.32,-0.03,34.32,34.24,-0.0,34.19,33.15,-0.03,35.12,36.47,0.04,37.22,37.79,0.02
2026-04-29,300390.XSHE,天华新能,电气设备I,92.0,110.5,0.2,109.32,110.5,0.01,113.0,114.7,0.02,113.0,111.08,-0.02,110.0,103.45,-0.06,104.0,105.5,0.01,104.94,101.74,-0.03,102.0,99.81,-0.02,99.29,96.52,-0.03,96.56,93.65,-0.03,94.47,92.37,-0.02
2026-04-29,600036.XSHG,招商银行,银行I,38.91,38.5,-0.01,38.4,38.27,-0.0,38.29,38.0,-0.01,38.05,37.95,-0.0,38.03,37.94,-0.0,37.95,37.97,0.0,37.98,37.9,-0.0,37.96,37.88,-0.0,37.81,37.81,0.0,37.81,37.65,-0.0,37.65,37.47,-0.0
2026-04-29,000651.XSHE,格力电器,家用电器I,39.99,40.47,0.01,40.49,40.05,-0.01,40.0,39.95,-0.0,39.9,39.89,-0.0,39.85,39.91,0.0,39.85,40.46,0.02,40.45,40.34,-0.0,40.29,40.3,0.0,40.25,40.22,-0.0,40.09,40.28,0.0,40.24,39.71,-0.01
2026-04-29,002594.XSHE,比亚迪,汽车I,101.47,105.4,0.04,104.54,102.98,-0.01,101.7,100.75,-0.01,101.05,100.46,-0.01,100.47,100.02,-0.0,100.02,100.44,0.0,99.97,99.23,-0.01,99.23,98.6,-0.01,99.0,98.73,-0.0,98.0,96.3,-0.02,95.34,94.51,-0.01
2026-04-29,300124.XSHE,汇川技术,机械设备I,61.99,67.59,0.09,67.67,68.6,0.01,69.98,71.07,0.02,71.9,75.55,0.05,74.67,75.0,0.0,75.5,77.49,0.03,77.48,75.45,-0.03,75.37,76.46,0.01,76.46,74.42,-0.03,74.49,77.32,0.04,77.42,77.36,-0.0
2026-04-29,002176.XSHE,江特电机,电气设备I,13.77,16.09,0.17,16.27,16.05,-0.01,16.2,15.7,-0.03,15.73,15.52,-0.01,15.37,15.15,-0.01,15.58,15.31,-0.02,15.5,14.76,-0.05,14.76,14.38,-0.03,14.3,13.85,-0.03,13.77,13.45,-0.02,13.34,13.26,-0.01
2026-04-29,600183.XSHG,生益科技,电子I,76.66,78.0,0.02,79.0,76.51,-0.03,78.8,80.81,0.03,82.42,82.0,-0.01,80.53,82.0,0.02,82.62,83.66,0.01,83.7,85.62,0.02,85.02,94.18,0.11,98.11,93.32,-0.05,93.38,89.95,-0.04,90.23,98.95,0.1
2026-04-29,000792.XSHE,盐湖股份,化工I,36.61,39.5,0.08,39.83,39.29,-0.01,40.07,40.4,0.01,40.58,38.92,-0.04,39.0,38.05,-0.02,38.4,37.54,-0.02,37.73,37.05,-0.02,37.15,36.69,-0.01,36.5,34.83,-0.05,34.75,33.89,-0.02,33.89,33.35,-0.02
2026-04-29,000938.XSHE,紫光股份,计算机I,32.5,32.42,-0.0,32.66,31.99,-0.02,32.47,31.85,-0.02,32.08,32.93,0.03,32.39,33.17,0.02,33.78,31.69,-0.06,32.19,30.69,-0.05,30.6,32.91,0.08,33.88,32.14,-0.05,32.3,31.91,-0.01,31.9,31.83,-0.0
2026-04-29,002460.XSHE,赣锋锂业,有色金属I,81.81,86.9,0.06,87.0,88.68,0.02,90.35,91.45,0.01,90.75,88.0,-0.03,87.95,84.77,-0.04,86.0,85.18,-0.01,85.84,83.65,-0.03,83.66,82.99,-0.01,82.33,79.98,-0.03,79.0,78.06,-0.01,78.06,79.38,0.02
2026-04-30,002050.XSHE,三花智控,家用电器I,44.69,46.92,0.05,46.92,48.16,0.03,48.17,50.32,0.04,50.0,51.69,0.03,51.74,51.21,-0.01,51.45,50.92,-0.01,50.4,51.5,0.02,51.7,49.43,-0.04,49.28,52.06,0.06,52.0,52.92,0.02,,,
2026-04-30,300059.XSHE,东方财富,非银金融I,20.25,20.36,0.01,20.4,20.85,0.02,21.0,20.73,-0.01,20.6,20.49,-0.01,20.45,21.28,0.04,21.14,21.27,0.01,21.12,21.08,-0.0,21.09,20.18,-0.04,20.17,19.73,-0.02,19.6,19.77,0.01,,,
2026-04-30,600118.XSHG,中国卫星,国防军工I,97.01,102.8,0.06,102.0,107.1,0.05,108.4,107.3,-0.01,105.57,114.18,0.08,115.4,116.11,0.01,115.0,111.66,-0.03,110.0,112.0,0.02,111.81,100.8,-0.1,99.0,95.82,-0.03,95.0,96.92,0.02,,,
2026-04-30,600150.XSHG,中国船舶,国防军工I,43.0,41.76,-0.03,41.02,41.18,0.0,40.99,40.61,-0.01,40.6,41.15,0.01,40.89,41.18,0.01,41.2,40.5,-0.02,40.6,41.77,0.03,41.56,40.22,-0.03,40.8,40.55,-0.01,40.2,38.17,-0.05,,,
2026-04-30,688012.XSHG,中微公司,电子I,360.0,376.3,0.05,400.0,383.3,-0.04,390.0,384.6,-0.01,380.0,370.0,-0.03,377.05,383.64,0.02,384.0,388.45,0.01,376.0,405.6,0.08,407.98,387.17,-0.05,393.36,432.9,0.1,441.0,438.75,-0.01,,,
2026-04-30,000657.XSHE,中钨高新,有色金属I,58.0,58.19,0.0,58.47,61.99,0.06,62.88,63.19,0.0,61.8,60.47,-0.02,60.0,60.64,0.01,60.88,59.68,-0.02,59.33,62.46,0.05,61.84,59.05,-0.05,58.54,56.46,-0.04,56.21,56.96,0.01,,,
2026-04-30,002428.XSHE,云南锗业,有色金属I,68.72,70.01,0.02,75.0,77.01,0.03,77.01,80.2,0.04,79.77,86.07,0.08,88.5,92.2,0.04,91.28,101.42,0.11,100.0,101.51,0.02,100.0,97.2,-0.03,96.02,90.33,-0.06,90.0,91.44,0.02,,,
2026-04-30,603083.XSHG,剑桥科技,通信I,178.73,174.7,-0.02,185.52,178.95,-0.04,181.8,183.79,0.01,178.73,189.55,0.06,188.69,197.5,0.05,202.72,189.13,-0.07,186.38,191.35,0.03,204.69,191.58,-0.06,192.91,187.83,-0.03,188.27,184.02,-0.02,,,
2026-04-30,002371.XSHE,北方华创,电子I,519.18,536.99,0.03,555.0,545.35,-0.02,555.0,552.14,-0.01,543.0,540.79,-0.0,549.98,573.19,0.04,573.19,581.45,0.01,570.99,581.0,0.02,581.0,564.4,-0.03,569.8,592.0,0.04,601.0,597.97,-0.01,,,
2026-04-30,600330.XSHG,天通股份,电子I,25.79,27.89,0.08,27.1,27.01,-0.0,27.01,27.98,0.04,27.8,29.16,0.05,30.0,32.08,0.07,33.97,32.66,-0.04,32.0,35.07,0.1,34.39,32.8,-0.05,32.6,29.52,-0.09,29.0,30.08,0.04,,,
2026-04-30,000977.XSHE,浪潮信息,计算机I,69.5,69.75,0.0,71.0,73.22,0.03,73.22,73.24,0.0,72.13,76.48,0.06,77.1,76.0,-0.01,76.5,73.13,-0.04,72.66,77.38,0.06,78.0,71.6,-0.08,71.6,70.21,-0.02,69.9,70.61,0.01,,,
2026-04-30,600498.XSHG,烽火通信,通信I,49.2,46.68,-0.05,47.4,48.59,0.03,49.81,51.82,0.04,51.0,57.0,0.12,60.0,58.61,-0.02,58.61,59.01,0.01,58.96,60.82,0.03,60.81,59.17,-0.03,59.16,54.29,-0.08,54.94,56.17,0.02,,,
2026-04-30,688521.XSHG,芯原股份,电子I,260.0,280.88,0.08,292.0,278.6,-0.05,275.0,275.0,0.0,271.0,262.0,-0.03,272.0,267.4,-0.02,263.6,271.99,0.03,262.44,277.5,0.06,282.0,265.91,-0.06,263.0,252.6,-0.04,248.0,259.5,0.05,,,
2026-04-30,600519.XSHG,贵州茅台,食品饮料I,1400.0,1384.79,-0.01,1365.1,1375.0,0.01,1375.0,1371.05,-0.0,1371.66,1372.99,0.0,1372.89,1361.33,-0.01,1362.0,1354.55,-0.01,1354.5,1344.09,-0.01,1338.0,1342.17,0.0,1335.15,1332.95,-0.0,1336.0,1323.0,-0.01,,,
2026-04-30,002156.XSHE,通富微电,电子I,50.98,51.77,0.02,56.95,56.95,0.0,60.8,59.08,-0.03,58.31,57.16,-0.02,60.01,61.22,0.02,61.22,59.48,-0.03,57.89,60.86,0.05,60.93,57.4,-0.06,58.0,57.02,-0.02,57.6,58.07,0.01,,,
2026-04-30,002202.XSHE,金风科技,电气设备I,26.51,27.55,0.04,28.0,27.94,-0.0,27.95,28.46,0.02,28.09,28.49,0.01,28.9,28.16,-0.03,28.06,27.27,-0.03,27.07,27.8,0.03,27.95,26.03,-0.07,25.9,25.09,-0.03,25.0,25.79,0.03,,,
2026-04-30,601869.XSHG,长飞光纤,通信I,359.1,353.9,-0.01,362.0,361.05,-0.0,380.11,389.2,0.02,373.38,397.23,0.06,404.4,400.31,-0.01,406.05,411.46,0.01,393.0,406.96,0.04,410.82,404.7,-0.01,400.01,374.45,-0.06,368.0,399.48,0.09,,,
2026-05-06,000063.XSHE,中兴通讯,通信I,37.51,38.25,0.02,38.6,38.9,0.01,38.52,38.68,0.0,39.2,39.11,-0.0,38.9,38.09,-0.02,37.85,38.83,0.03,39.61,37.56,-0.05,37.64,36.71,-0.02,36.4,37.51,0.03,,,,,,
2026-05-06,603019.XSHG,中科曙光,计算机I,96.0,99.8,0.04,99.8,98.75,-0.01,97.99,96.3,-0.02,99.0,100.05,0.01,99.86,97.42,-0.02,96.0,100.71,0.05,105.0,97.59,-0.07,97.52,94.46,-0.03,94.29,98.7,0.05,,,,,,
2026-05-06,000858.XSHE,五粮液,食品饮料I,90.78,92.26,0.02,92.43,92.6,0.0,92.6,92.13,-0.01,92.03,91.81,-0.0,91.8,90.56,-0.01,90.57,89.15,-0.02,88.81,88.99,0.0,88.0,86.87,-0.01,86.65,85.57,-0.01,,,,,,
2026-05-06,300014.XSHE,亿纬锂能,电气设备I,72.8,75.29,0.03,75.3,71.57,-0.05,71.16,69.67,-0.02,69.57,69.82,0.0,69.88,67.86,-0.03,67.77,68.27,0.01,68.9,65.3,-0.05,65.3,65.78,0.01,64.74,65.13,0.01,,,,,,
2026-05-06,688313.XSHG,仕佳光子,通信I,136.0,151.23,0.11,150.0,169.22,0.13,165.0,176.6,0.07,176.67,178.6,0.01,184.0,180.97,-0.02,175.55,179.66,0.02,184.5,182.53,-0.01,187.78,175.6,-0.06,176.0,173.42,-0.01,,,,,,
2026-05-06,300442.XSHE,润泽科技,通信I,93.0,96.21,0.03,96.3,97.45,0.01,96.01,98.08,0.02,102.98,97.91,-0.05,96.68,91.38,-0.05,90.9,101.62,0.12,103.43,99.67,-0.04,102.07,102.46,0.0,103.89,99.39,-0.04,,,,,,
2026-05-06,688820.XSHG,盛合晶微,电子I,108.13,107.1,-0.01,106.2,119.0,0.12,115.0,127.0,0.1,134.6,144.5,0.07,139.01,137.3,-0.01,133.0,155.45,0.17,159.89,154.8,-0.03,158.04,183.84,0.16,174.0,188.1,0.08,,,,,,
2026-05-06,300058.XSHE,蓝色光标,传媒I,17.7,18.05,0.02,18.13,19.3,0.06,19.7,18.69,-0.05,18.88,18.93,0.0,18.62,18.21,-0.02,18.01,18.84,0.05,19.25,17.35,-0.1,17.5,17.66,0.01,17.19,17.9,0.04,,,,,,
2026-05-07,601318.XSHG,中国平安,非银金融I,59.6,60.04,0.01,59.9,60.06,0.0,59.78,60.1,0.01,60.1,59.4,-0.01,59.32,58.04,-0.02,58.26,56.9,-0.02,56.98,55.5,-0.03,55.4,54.89,-0.01,,,,,,,,,
2026-05-07,000066.XSHE,中国长城,计算机I,23.29,23.98,0.03,23.78,23.09,-0.03,24.52,23.4,-0.05,23.52,25.36,0.08,24.71,25.19,0.02,25.38,22.67,-0.11,21.51,20.5,-0.05,20.34,20.21,-0.01,,,,,,,,,
2026-05-07,603799.XSHG,华友钴业,有色金属I,68.27,67.62,-0.01,66.86,65.43,-0.02,65.29,64.28,-0.02,64.49,62.33,-0.03,62.33,62.26,-0.0,62.25,59.79,-0.04,59.49,58.15,-0.02,57.5,57.81,0.01,,,,,,,,,
2026-05-07,300342.XSHE,天银机电,家用电器I,72.47,64.97,-0.1,64.54,68.38,0.06,68.38,65.08,-0.05,65.08,62.08,-0.05,61.98,63.81,0.03,62.99,58.89,-0.07,58.96,58.1,-0.01,58.98,58.2,-0.01,,,,,,,,,
2026-05-07,001309.XSHE,德明利,电子I,603.0,616.51,0.02,599.23,597.71,-0.0,631.11,639.21,0.01,630.56,618.0,-0.02,595.24,679.8,0.14,699.0,721.65,0.03,722.01,712.06,-0.01,707.0,735.04,0.04,,,,,,,,,
2026-05-07,600105.XSHG,永鼎股份,通信I,44.72,47.52,0.06,46.09,49.94,0.08,50.58,51.4,0.02,51.63,52.32,0.01,51.43,51.83,0.01,52.85,53.99,0.02,53.99,51.5,-0.05,50.47,51.55,0.02,,,,,,,,,
2026-05-07,002463.XSHE,沪电股份,电子I,104.33,107.38,0.03,105.83,108.71,0.03,110.0,108.68,-0.01,110.16,108.68,-0.01,106.53,112.58,0.06,114.38,107.02,-0.06,106.9,102.99,-0.04,101.55,104.26,0.03,,,,,,,,,
2026-05-07,300395.XSHE,菲利华,国防军工I,117.0,128.52,0.1,124.68,128.66,0.03,133.0,131.45,-0.01,135.8,148.16,0.09,143.17,148.9,0.04,145.6,140.52,-0.03,141.82,133.83,-0.06,135.43,137.5,0.02,,,,,,,,,
2026-05-07,002149.XSHE,西部材料,有色金属I,71.0,73.47,0.03,72.78,72.44,-0.0,73.8,75.44,0.02,75.46,74.34,-0.01,74.0,74.96,0.01,74.96,69.0,-0.08,71.0,69.02,-0.03,70.5,73.9,0.05,,,,,,,,,
2026-05-07,002156.XSHE,通富微电,电子I,60.8,59.08,-0.03,58.31,57.16,-0.02,60.01,61.22,0.02,61.22,59.48,-0.03,57.89,60.86,0.05,60.93,57.4,-0.06,58.0,57.02,-0.02,57.6,58.07,0.01,,,,,,,,,
2026-05-07,688048.XSHG,长光华芯,电子I,364.65,392.87,0.08,376.88,438.88,0.16,438.89,433.3,-0.01,444.44,431.49,-0.03,419.0,436.9,0.04,443.0,448.1,0.01,458.88,418.31,-0.09,410.0,408.02,-0.0,,,,,,,,,
2026-05-07,601869.XSHG,长飞光纤,通信I,380.11,389.2,0.02,373.38,397.23,0.06,404.4,400.31,-0.01,406.05,411.46,0.01,393.0,406.96,0.04,410.82,404.7,-0.01,400.01,374.45,-0.06,368.0,399.48,0.09,,,,,,,,,
2026-05-08,600673.XSHG,东阳光,综合I,42.83,39.9,-0.07,40.16,39.02,-0.03,38.51,37.45,-0.03,37.35,39.28,0.05,39.67,38.03,-0.04,37.64,36.51,-0.03,36.1,36.63,0.01,,,,,,,,,,,,
2026-05-08,600118.XSHG,中国卫星,国防军工I,105.57,114.18,0.08,115.4,116.11,0.01,115.0,111.66,-0.03,110.0,112.0,0.02,111.81,100.8,-0.1,99.0,95.82,-0.03,95.0,96.92,0.02,,,,,,,,,,,,
2026-05-08,601868.XSHG,中国能建,建筑装饰I,3.2,3.22,0.01,3.23,3.25,0.01,3.25,3.32,0.02,3.33,3.53,0.06,3.55,3.22,-0.09,3.17,3.24,0.02,3.24,3.15,-0.03,,,,,,,,,,,,
2026-05-08,002008.XSHE,大族激光,机械设备I,115.4,122.06,0.06,124.5,134.27,0.08,134.2,134.66,0.0,138.32,148.13,0.07,153.0,149.23,-0.02,149.24,143.3,-0.04,141.04,138.53,-0.02,,,,,,,,,,,,
2026-05-08,002342.XSHE,巨力索具,机械设备I,22.12,22.11,-0.0,21.63,22.17,0.02,21.83,20.4,-0.07,20.25,20.46,0.01,20.21,19.91,-0.01,19.35,19.43,0.0,17.49,17.49,0.0,,,,,,,,,,,,
2026-05-08,000977.XSHE,浪潮信息,计算机I,72.13,76.48,0.06,77.1,76.0,-0.01,76.5,73.13,-0.04,72.66,77.38,0.06,78.0,71.6,-0.08,71.6,70.21,-0.02,69.9,70.61,0.01,,,,,,,,,,,,
2026-05-08,600498.XSHG,烽火通信,通信I,51.0,57.0,0.12,60.0,58.61,-0.02,58.61,59.01,0.01,58.96,60.82,0.03,60.81,59.17,-0.03,59.16,54.29,-0.08,54.94,56.17,0.02,,,,,,,,,,,,
2026-05-08,002361.XSHE,神剑股份,化工I,21.5,21.9,0.02,21.65,22.25,0.03,22.03,20.25,-0.08,20.01,20.67,0.03,20.68,18.72,-0.09,18.35,18.91,0.03,18.4,18.91,0.03,,,,,,,,,,,,
2026-05-08,600879.XSHG,航天电子,国防军工I,25.1,26.65,0.06,27.13,26.78,-0.01,26.78,26.02,-0.03,25.68,25.93,0.01,25.94,24.1,-0.07,24.02,23.13,-0.04,23.05,23.56,0.02,,,,,,,,,,,,
2026-05-08,600584.XSHG,长电科技,电子I,48.0,50.75,0.06,53.8,55.83,0.04,56.76,55.24,-0.03,53.51,57.49,0.07,57.79,54.31,-0.06,55.17,58.05,0.05,57.47,58.33,0.01,,,,,,,,,,,,
2026-05-11,300059.XSHE,东方财富,非银金融I,20.45,21.28,0.04,21.14,21.27,0.01,21.12,21.08,-0.0,21.09,20.18,-0.04,20.17,19.73,-0.02,19.6,19.77,0.01,,,,,,,,,,,,,,,
2026-05-11,688012.XSHG,中微公司,电子I,377.05,383.64,0.02,384.0,388.45,0.01,376.0,405.6,0.08,407.98,387.17,-0.05,393.36,432.9,0.1,441.0,438.75,-0.01,,,,,,,,,,,,,,,
2026-05-11,603019.XSHG,中科曙光,计算机I,99.0,100.05,0.01,99.86,97.42,-0.02,96.0,100.71,0.05,105.0,97.59,-0.07,97.52,94.46,-0.03,94.29,98.7,0.05,,,,,,,,,,,,,,,
2026-05-11,002371.XSHE,北方华创,电子I,549.98,573.19,0.04,573.19,581.45,0.01,570.99,581.0,0.02,581.0,564.4,-0.03,569.8,592.0,0.04,601.0,597.97,-0.01,,,,,,,,,,,,,,,
2026-05-11,002463.XSHE,沪电股份,电子I,110.0,108.68,-0.01,110.16,108.68,-0.01,106.53,112.58,0.06,114.38,107.02,-0.06,106.9,102.99,-0.04,101.55,104.26,0.03,,,,,,,,,,,,,,,
2026-05-11,688820.XSHG,盛合晶微,电子I,134.6,144.5,0.07,139.01,137.3,-0.01,133.0,155.45,0.17,159.89,154.8,-0.03,158.04,183.84,0.16,174.0,188.1,0.08,,,,,,,,,,,,,,,
2026-05-11,000547.XSHE,航天发展,国防军工I,28.59,28.81,0.01,28.83,27.66,-0.04,27.37,27.96,0.02,27.83,26.03,-0.06,25.94,25.3,-0.02,25.3,25.4,0.0,,,,,,,,,,,,,,,
2026-05-11,600519.XSHG,贵州茅台,食品饮料I,1372.89,1361.33,-0.01,1362.0,1354.55,-0.01,1354.5,1344.09,-0.01,1338.0,1342.17,0.0,1335.15,1332.95,-0.0,1336.0,1323.0,-0.01,,,,,,,,,,,,,,,
2026-05-11,300604.XSHE,长川科技,电子I,186.0,218.41,0.17,219.99,213.08,-0.03,210.12,228.0,0.09,225.0,208.87,-0.07,213.04,209.5,-0.02,211.0,209.17,-0.01,,,,,,,,,,,,,,,
2026-05-12,601179.XSHG,中国西电,电气设备I,18.1,19.2,0.06,19.31,19.02,-0.02,18.8,17.61,-0.06,17.55,17.14,-0.02,16.96,17.12,0.01,,,,,,,,,,,,,,,,,,
2026-05-12,603083.XSHG,剑桥科技,通信I,202.72,189.13,-0.07,186.38,191.35,0.03,204.69,191.58,-0.06,192.91,187.83,-0.03,188.27,184.02,-0.02,,,,,,,,,,,,,,,,,,
2026-05-12,600330.XSHG,天通股份,电子I,33.97,32.66,-0.04,32.0,35.07,0.1,34.39,32.8,-0.05,32.6,29.52,-0.09,29.0,30.08,0.04,,,,,,,,,,,,,,,,,,
2026-05-12,600276.XSHG,恒瑞医药,医药生物I,53.53,56.11,0.05,56.11,55.86,-0.0,55.8,54.32,-0.03,54.08,53.99,-0.0,53.78,52.43,-0.03,,,,,,,,,,,,,,,,,,
2026-05-12,600601.XSHG,方正科技,电子I,13.85,14.31,0.03,14.18,14.2,0.0,14.21,13.2,-0.07,13.28,12.5,-0.06,12.34,12.7,0.03,,,,,,,,,,,,,,,,,,
2026-05-12,603993.XSHG,洛阳钼业,有色金属I,20.65,20.58,-0.0,20.99,20.99,0.0,20.72,20.05,-0.03,19.82,18.88,-0.05,18.15,18.31,0.01,,,,,,,,,,,,,,,,,,
2026-05-12,300442.XSHE,润泽科技,通信I,96.68,91.38,-0.05,90.9,101.62,0.12,103.43,99.67,-0.04,102.07,102.46,0.0,103.89,99.39,-0.04,,,,,,,,,,,,,,,,,,
2026-05-12,600089.XSHG,特变电工,电气设备I,27.98,28.94,0.03,28.96,29.13,0.01,29.13,27.76,-0.05,27.7,26.92,-0.03,26.63,26.76,0.0,,,,,,,,,,,,,,,,,,
2026-05-12,002222.XSHE,福晶科技,电子I,110.94,113.36,0.02,108.05,116.32,0.08,115.74,113.76,-0.02,112.74,105.82,-0.06,103.0,104.73,0.02,,,,,,,,,,,,,,,,,,
2026-05-12,603259.XSHG,药明康德,医药生物I,108.0,110.33,0.02,110.44,108.92,-0.01,110.0,103.01,-0.06,104.77,103.13,-0.02,102.9,102.05,-0.01,,,,,,,,,,,,,,,,,,
2026-05-12,300395.XSHE,菲利华,国防军工I,135.8,148.16,0.09,143.17,148.9,0.04,145.6,140.52,-0.03,141.82,133.83,-0.06,135.43,137.5,0.02,,,,,,,,,,,,,,,,,,
2026-05-13,002050.XSHE,三花智控,家用电器I,50.4,51.5,0.02,51.7,49.43,-0.04,49.28,52.06,0.06,52.0,52.92,0.02,,,,,,,,,,,,,,,,,,,,,
2026-05-13,603019.XSHG,中科曙光,计算机I,96.0,100.71,0.05,105.0,97.59,-0.07,97.52,94.46,-0.03,94.29,98.7,0.05,,,,,,,,,,,,,,,,,,,,,
2026-05-13,002371.XSHE,北方华创,电子I,570.99,581.0,0.02,581.0,564.4,-0.03,569.8,592.0,0.04,601.0,597.97,-0.01,,,,,,,,,,,,,,,,,,,,,
2026-05-13,002463.XSHE,沪电股份,电子I,106.53,112.58,0.06,114.38,107.02,-0.06,106.9,102.99,-0.04,101.55,104.26,0.03,,,,,,,,,,,,,,,,,,,,,
2026-05-13,000977.XSHE,浪潮信息,计算机I,72.66,77.38,0.06,78.0,71.6,-0.08,71.6,70.21,-0.02,69.9,70.61,0.01,,,,,,,,,,,,,,,,,,,,,
2026-05-13,000938.XSHE,紫光股份,计算机I,30.6,32.91,0.08,33.88,32.14,-0.05,32.3,31.91,-0.01,31.9,31.83,-0.0,,,,,,,,,,,,,,,,,,,,,
2026-05-13,300017.XSHE,网宿科技,计算机I,17.6,19.74,0.12,19.94,18.7,-0.06,19.05,18.99,-0.0,18.89,18.48,-0.02,,,,,,,,,,,,,,,,,,,,,
2026-05-13,600519.XSHG,贵州茅台,食品饮料I,1354.5,1344.09,-0.01,1338.0,1342.17,0.0,1335.15,1332.95,-0.0,1336.0,1323.0,-0.01,,,,,,,,,,,,,,,,,,,,,
2026-05-13,002491.XSHE,通鼎互联,通信I,25.01,26.95,0.08,26.16,24.65,-0.06,24.07,22.59,-0.06,22.88,23.69,0.04,,,,,,,,,,,,,,,,,,,,,
2026-05-13,300604.XSHE,长川科技,电子I,210.12,228.0,0.09,225.0,208.87,-0.07,213.04,209.5,-0.02,211.0,209.17,-0.01,,,,,,,,,,,,,,,,,,,,,
2026-05-14,600118.XSHG,中国卫星,国防军工I,111.81,100.8,-0.1,99.0,95.82,-0.03,95.0,96.92,0.02,,,,,,,,,,,,,,,,,,,,,,,,
2026-05-14,002015.XSHE,协鑫能科,公用事业I,25.38,23.5,-0.07,23.11,21.71,-0.06,22.07,21.47,-0.03,,,,,,,,,,,,,,,,,,,,,,,,
2026-05-14,300782.XSHE,卓胜微,电子I,130.95,140.88,0.08,140.76,133.63,-0.05,129.0,130.8,0.01,,,,,,,,,,,,,,,,,,,,,,,,
2026-05-14,601991.XSHG,大唐发电,公用事业I,8.11,7.2,-0.11,6.99,7.92,0.13,7.68,7.93,0.03,,,,,,,,,,,,,,,,,,,,,,,,
2026-05-14,002008.XSHE,大族激光,机械设备I,153.0,149.23,-0.02,149.24,143.3,-0.04,141.04,138.53,-0.02,,,,,,,,,,,,,,,,,,,,,,,,
2026-05-14,600105.XSHG,永鼎股份,通信I,52.85,53.99,0.02,53.99,51.5,-0.05,50.47,51.55,0.02,,,,,,,,,,,,,,,,,,,,,,,,
2026-05-14,600183.XSHG,生益科技,电子I,98.11,93.32,-0.05,93.38,89.95,-0.04,90.23,98.95,0.1,,,,,,,,,,,,,,,,,,,,,,,,
2026-05-14,002600.XSHE,领益智造,电子I,15.92,16.38,0.03,16.38,16.92,0.03,17.24,17.05,-0.01,,,,,,,,,,,,,,,,,,,,,,,,
2026-05-15,600703.XSHG,三安光电,电子I,17.69,16.16,-0.09,15.69,16.18,0.03,,,,,,,,,,,,,,,,,,,,,,,,,,,
2026-05-15,688012.XSHG,中微公司,电子I,393.36,432.9,0.1,441.0,438.75,-0.01,,,,,,,,,,,,,,,,,,,,,,,,,,,
2026-05-15,002371.XSHE,北方华创,电子I,569.8,592.0,0.04,601.0,597.97,-0.01,,,,,,,,,,,,,,,,,,,,,,,,,,,
2026-05-15,002709.XSHE,天赐材料,电气设备I,55.89,57.54,0.03,56.22,55.97,-0.0,,,,,,,,,,,,,,,,,,,,,,,,,,,
2026-05-15,688498.XSHG,源杰科技,电子I,1092.32,1075.73,-0.02,1048.0,1058.08,0.01,,,,,,,,,,,,,,,,,,,,,,,,,,,
2026-05-15,688820.XSHG,盛合晶微,电子I,158.04,183.84,0.16,174.0,188.1,0.08,,,,,,,,,,,,,,,,,,,,,,,,,,,
2026-05-15,300433.XSHE,蓝思科技,电子I,34.0,34.21,0.01,35.35,38.7,0.09,,,,,,,,,,,,,,,,,,,,,,,,,,,
2026-05-18,600150.XSHG,中国船舶,国防军工I,40.2,38.17,-0.05,,,,,,,,,,,,,,,,,,,,,,,,,,,,,,
2026-05-18,603667.XSHG,五洲新春,机械设备I,81.7,85.0,0.04,,,,,,,,,,,,,,,,,,,,,,,,,,,,,,
2026-05-18,002407.XSHE,多氟多,化工I,37.22,37.79,0.02,,,,,,,,,,,,,,,,,,,,,,,,,,,,,,
2026-05-18,600183.XSHG,生益科技,电子I,90.23,98.95,0.1,,,,,,,,,,,,,,,,,,,,,,,,,,,,,,
2026-05-18,002149.XSHE,西部材料,有色金属I,70.5,73.9,0.05,,,,,,,,,,,,,,,,,,,,,,,,,,,,,,
2026-05-18,601869.XSHG,长飞光纤,通信I,368.0,399.48,0.09,,,,,,,,,,,,,,,,,,,,,,,,,,,,,,
